sequence,count
CTGGGGTGGGCTCCTTAATGCCCATATCCA,61
TATCTGCAAAACTTGTAATCTGTCCATACC,147
CCCCTGAATAGTAGGAAGGGGCAGGTATAA,60
CAGTTGTGGCAGGCAAAAAAAGCGGTGACC,21
TTGAAAAGCGGCCTACGTTCCAACGAGTGA,41
CGGTACCCAGTTGCTTGGGCAGCGTCCATA,46
TAATCAACTGATCATGCCTTGACAGTACTG,16
CGTTAATATACTCGGCGATCCGCTAAATAG,40
CCCAGTCGTTGCAGGTTTAACCATGGCCAC,89
AGGGCAATAGGTACCATTCTTCCCGATACA,38
AATAGTCTGTGTGGTCTTCGGTACTGGCGG,69
TCCGAGCGTTAAAGAGAGTACGTCCATTAC,58
AAACCAGAGTGTGCACTTGAGAGAGTACAG,11
ATGTTAGGGAAAGATATACTGTTAGGACAG,11
CATTCTGCCAGCACGTCAGATATCAGACGT,12
GTGACGCCAAACCGTAGCTAGGTGGCGAAT,45
GGTAGCAGCCGTGACGGTTGTAGGAAGTCT,78
TGGTCCCGATGAACTAGATTCGTAGATGTT,11
ACAAGTATGACATCTGTCGGGACATTACGG,67
CGTGTACTTCCATATTAAAGTGCTCCTATT,97
GCTATGCGAACACGATAACTCGTACGTGCA,96
TGTGTTACGATTATAACCTAGGGGTATCTT,51
CAAAGAATCCTTATTACCTACTATGCATGA,48
CCACGCGGTTATGCCGAAAACGTGAACGGG,11
AGCTAGCTTAGCTCTGTGACAAGAAGGAAG,80
TGACTTCCGCGCGGTCCCATGAAGAATTAG,98
GTCATATATTAGATTAAACTGCTGAATGTC,60
AGATACCTAGTAAGTCTCTTAAATCCCACA,94
TATCACTAGCATACCTCATCCTTAGACCGG,31
TCGTCTGGGTGCGGAATAGTCTTAGCGAAA,68
CATTTGGCCAAAATTCAGATCGGACTGTAG,56
CTGCGTTCACGGATTTGAAACTCCATGGAA,36
GGGTCATCCCCATGTGCGTGTCTTAGGCCC,73
TGGGGGACCATAACAAGCTTAAAATTCTCT,82
ACCACGCCAGCGAAGGCGGCTCCATACTCT,44
ACGAACGTAAAATAGTCTTCTCCAGCCCCG,2
GTGGGAGCTTAGGCTATCCAATCGGGGCAA,67
CCGCGTGCCAGGCAGCGCCGACTTCAAACC,50
GTCGACCCCGTGGGCTCTCCAGTCTCATAA,48
GGACAAATCTCTTCCTAGTTGGCTCAAAAG,52
TCTAACGTAGGTCGCCCTACACTATGATGG,15
TGTAATCCAAGTGGTTACTTTCGTTATGCG,49
ACCATGCATTGTGTACTCGTCACCCGCCTA,46
CGCGCAGAGGCGGCAACTTTCGTTGTGGCG,58
CCGCAAAACTCTACCTTAATTATGATTCCT,120
AGACGTTCGGCTTCTCCTCGATGTTAATGA,13
AGACACTCCGGATGCGGCCGTAAGTATAGG,77
GACAAATGGCTATTGAAGAGGGCGGTGGCT,64
CTAGTCACCAGGAGTAATTCGCCTCCTTAA,36
CAACGATAACCTGTAGTCATATGGCATCGT,125
TGGGTAAAGCCAGAAGAATTTTGATCCCGC,120
TGCGCGATGCCTGCCCGTCATCGGCGATTG,76
GCGCCATTAGGCGCCAAGAGGTAATAGCGT,36
CCCTGTGGTGGTGTTACGAATATATCAAAT,42
ACCCCAGTCTATAAAGAGAATCACCGGGCA,53
ACTGTCCAGAACTCGAGTCCTGCGGTATTG,49
TGCCGCGGATGTCTAGAAAGGTCAGCTGGA,62
GTGACGGCACCCTTCGAAAGTCTTTCGACT,15
ACGGTACCAACGCAGGACAAGTGCGGTCGA,49
ACCCCAGGCGGACGTCGGCTGAGTCTTTTT,110
TATGCCACTTTAAATTCATGCGACCATTCG,35
GGTACTTTTACCAGGTAAGAAACAGGTGAA,94
CATGCCCCTTCCTGGAGTGGGTAACCATCG,63
AAGCTATCAGCTAGGCTGGCATGCTATATA,108
GCATGATCCACGCGCGATCGACGTAGATGG,37
GACGTTGCCGGGCCTGGTTCAACGCAATCG,103
CACGATACTTCCCGAAGATGTATGCTTCCC,72
CGACAGCCCGAAAACCGGAGTATTCCTCTG,38
CTGCGTTTACGTCCCGAGTCGTACAAGGAA,60
AGAAGGCGTGCATAGACGTAAGGGGCCTTC,67
GGTGCATTCTAAAGCGATCCTCCGAAGGCC,25
TAAAAGGACCGGATAATAACTTAGACGTAT,54
AGACCTACGTGACACACGGCAGCAAGTCGG,71
GCAAGCACACATGGGACTCTTCAAGGGTTG,32
ACGCGTGGTATTCTCAAGCATGTGTCCGAA,50
GGGGGCGTTTTCAACCCCAGTGTCTCTGAA,152
TGGATTGTGACCACTCAGCAGTCAGGAAGG,54
TGACAATATTGACGAGCTTTAACAGCCCGC,20
GTTTGGAAGATACTAGCTGGGAGCTTCGTC,25
ATTAGGAATCTCGGAGCGTGAAGGACTTCC,73
TATATTAGTAATAGTGAGCCCCGGGGCAGG,84
GCACCCGCTGGTAATGAGGCGTCCCATACA,43
GGGCATCGGATGTCCCTATTGCTTGTGAAT,72
GTGAGTCGCCGTTGAGCTTCTGCCGTGCCA,26
CTGTATTTGGGTATTGGACCAGTCTCTACG,85
GCACCGTTTAGGTTGGACTCATGACATCTG,41
AGCCTCAGAAGTTTTAGGATACCAGCGCTT,67
CGTATATGACCGTTTTGATTCGCGGTCGTT,21
GCTTGGTCGAGGCATACACAATAACTGGGG,8
CTGATGGGGGTGTATGCGTGATGTTTCTTT,17
TCCGTCTTATCTATGAATAGGAACATCCGA,83
GTGACGCGTGAAGGTCAGTCTGCGCTTTTT,101
CAGCACGCCTAATCGACGCGATTAATCGTT,37
GATTTCTCACCGACGTGTACTGTACACGCT,53
CAAGGGCGCACTGGACATCTCAGCCACCTT,2
ACATAAAACCGCCCAAGGGATTTGTCGTTT,67
ACGAGGCTGCTAACATTTGATGTGTGATCG,9
CCCCCGAAATCAGCGAGCAGTATCACCCTT,124
CACGCGTTGCCTAAGGCCGGAAGGGTTGTC,43
TAGGGGACCATAACAAGCTTAAAATTCTCT,6
TGACAATATTTACGAGCTTTAACAGCCCGC,34
ATGTTAGGGAAAGATATACTCTTAGGACAG,19
AGACGTTCGGCTTCTCCTCGTGTTAATGA,44
CGTATGTGACCGTTTTGATTCGCGGTCGTT,6
CGGTACCCAGTTGCTTGGGCAGCGTCCGATA,22
TCTAACGTAGGTCGCCCAACACTATGATGG,73
AAACCAGGGTGTGCACTTGAGAAGTACAG,12
GTGGGAGCTTAGGCTATGCCAATCGGGGCAA,22
AGACCCTCCGGATGCGGCCGTAAGTATAGG,107
ACGAGCTGCTAACATTTGATGTGTGATCG,35
CTAGTCACCAGGAGTAATCGCCTCCTTAA,40
GCTTGGTCGAGGATACCACAATAACTGGGG,34
ACCCCAGTCTATAAAGAGAATCACGGGCA,26
TTGAAAAGCGGCCTACGTTCCAACGGTGA,23
TAAAAGGACCGGATAATAACTTACGACGAAT,9
TGTAATCCAAGTGGTTACTTTGCGTTATGCG,11
TGCGCGATAGCCTGCCCGTCATCGGCGATTG,25
GATTTCTCACCGAGCGTGTACTGTACACGCT,14
TCGTCTGGGTGTCGGAATAGTCTTAGCGAAA,7
GGACAAATCTCGTCCTAGTTGGCTCAAAAG,21
CCACGCGGTTTGCCGAAAACGTGAACGGG,7
GTGCGGCACCCTTCGAAAGTCTTTCGACT,16
CCCTGTGGTGGTGTTAAGAATATATCAAAT,21
ATGTTAGGGAAAGATATACTCTTAAGACAG,43
TAAAGGACCGGATAATAACTTAGACGTAT,7
ACGGCAATAGGTACCATTCTTCCCGATACA,17
CGAATCTTTAATAGCGCTTGCCATCGGTAC,8
CGTATGTGACCGTTGTTGATTGCGGTCGTT,29
GGACCGTTTAGATTGGACTCATGACATCTG,29
AAGCTATCAGCTAGGTGGCATGCTATATA,43
GTGACGCGTTAAGGTTCAGTCTGCGCTTTTT,11
ACTGTCCAGAACTCGAGTCCTCCGGTATTG,39
AGACCTACGTGACACGCGGCAGCAAGTCGG,38
ACCATGCATTGTGCTACTCGTCACCCGCCTA,49
CACTCTGCCAGCACGTCAGACATCAGACGT,24
CAAAGAATCTTATTACCTACTATGCATGA,24
AAACCAGGGTGTTCACTTGAGAAGTACAG,12
CATTGTGCCAGCACGTCAGATATCAGACGT,7
CCCCTGAATAGTAGGAAGGGGCCAGGTATAA,27
ACACCTACGTGACACACGGCAGCAAGTCGG,76
CAAAGATCCTTATTACCTACTATGCATGA,18
ACCCCAGTCTATAAAGAGAATCTCGGGCA,24
TATGCCACTTTAAATTCATGCGATCATTCG,14
CAAGGGCGCACCTGGACATCTCAGCCACCTT,24
GTTTGGAAGATACTACTGGGAGCTTCGTC,10
CATTTGGCCAAAATTCAGATCGGATTGTAG,9
TAATCAACTGAGCATGCCTTGACAGTACTG,28
AGCCTCAAGAAGTTTTAGGATACCAGCGCTT,28
GCATGATTCACGCGCGATCGACGTAGATGG,44
CTGCGTTTACGTCCCGGTCGTACAAGGAA,5
ACATAAGACCGCCCAAGGGATTTGTCGTTT,8
GAATCTTTTAATAGCGACTTGCCATCGGTAC,22
GATTTCTCACCGAGCGGTACTGTACACGCT,13
CCGCGTGCAGCAGCGCCGACTTCAAACC,7
TCCGAGCGTTAAAGAGAGTACGCCATTAC,18
GTGACAAATCTCGTCCTAGTTGGCTCAAAAG,16
CCACGCGGTTTGCCGAAAACGTGATACGGG,8
TGTAATCCAAGTGGTTACTTTGCTTATGCG,7
ACTGACCAGAACTCGAGTCCTGCGGTATTG,13
TGCGCGATGCCTGCCCGTCCATCGGCGATTG,22
TGTAATCCAAGTGGTTACTTTCGGTATGCG,15
AGATACCTAGTAAGTCTTTAAATCCCACA,9
TCGTCTGGGTGCGGAATAGTCTGAGCGAAA,10
CGTTGATATACTCGGCGATCCGCTAAATAG,20
CCCTGTGGTTGTGTTACGAATATACCAAAT,13
TATCTGCAAAACTTGTAATCTGTCGATACC,51
TCGTCTGGGTGCGGAATAGCTTAGCGAAA,15
TGACAATATTAACGAGCTTTAACAGCCCGC,4
CGGTACCCAGTTGCTATGGGCTAGCGTCGATA,14
GGACAAATCTCTTCCTAGTGGCTCAAAAG,16
TAAAGGACCGGATATAACTTAGACGTAT,22
AACGTTCGGCTTCTCCTCGTGTTAATGA,41
ACGGCAATAGGTAACATTCTTCCCGATACA,22
GTGACGCGTTAAGGTTCCAGTCTGCGCTTTTT,19
ATGGTAGGGAAAGATATACTCTTAGGACAG,12
CGCGCAGAGGCGGCAACTTTCGTTGTGACG,16
CGAACGTAAAATAGTCTTCTCCAGCCCCG,10
TAAAAGGACCGGATAATAACTTAGACGTAAT,9
GAATCTTTAATAGCGACTTTGCCATCGGTAC,19
CAACGATAACCTGTAGTCATATGGCTTCGT,45
GACAAATGGCATTGAAGAGGGACGGTGGCT,23
GTGACGCCTAAACCGTAGCTAGGTGGCGAAT,10
GTGACGCGTGAAGGTCAGTCTCGCTTTTT,38
GGGGGCGTTTTCAACACCAGTGTCTCTGAA,19
GTCGACCCCGTGGGCTGTCCAGTCTCATAA,13
AATAGTCTTGTGTGGTCTTCGGTACTGGCGG,20
TATATTAGTAATAGTGGAGCCCAGGGGCAGG,3
GGGTCATCCCCATGTGCGTGTGTTAGGCCC,34
GAACCAGAGTGTGCACTTGAGAGAGTACAG,14
GGTAGCAGCCGTGACGGTTGTAGGAACGTCT,9
CAAAGATCCTGATTACCTACTATGCATGA,20
GCTTGGTCGAGGATACCACAATAACTGGG,3
GTCGACACCGTGGGCTCTCCAGTCTCATAA,15
GGTGCATTCTAAAGCATCCTCCGAAGGCC,3
TGGGTAATGCCAGAAGAATTTTGATCCCGC,14
AGCCTCGAAGTTTTAGGATACCAGCGCTT,18
TATGCCACTTTAAATTCATGCCGATCATTCG,19
CACGCGTAGCCTAAGGCCGGAAGGGTTGTC,10
AGCTAGTTTAGCTCTGTGACAAGAAGGAAG,29
CAAGGGCGCACCTGGACATCTCAGCCACTT,7
CATTTGTCCAAAATTCAGATCGGACTGTAG,9
TCCGTCTTATCTATGAATAGGAACATACCGA,10
CAGCACGCCTAATCGACGCGATTATCGTT,16
CAGGGCGCACTGGACATCTCAGCCACCTT,17
CTGGGTGGGCTCCTTAATGCCCATATCCA,6
CTGTATTTGGGTATTGGACCAGTCTATACG,3
CTGCCCCTTCCTGGAGTGGGTAACCATCG,14
CATTTGGCCAAAATTCAGATGGACTGTAG,4
ACCACGCCAGCGAAGGCGGCCCCATACTCT,14
CCGCAAAACTCTGCCTTAATTATGATTCCT,24
CTGTTTTGGGTATTGGACCAGTCTCTACG,20
AAACCAGAGTGAGCACTTGAGAGAGTACAG,10
GTCGACCCCGTGGGCTCGCCAGTCTCATAA,40
AATAGTCTGTGTGGTCTTCGGTAGCTGGCGG,12
CAAACAATCTTATTACCTACTATGCATGA,9
GTGGGAGCTTAGGCTATGCTAATCGGGGCAA,18
CTGCGTTTACGTCCCGAGTTGTACAAGGAA,22
GCACCCGCTGGTAATGACGGCGTCCCATAGA,2
CGGTACCCAGTTGCTATGTGCTAGCGTCGATA,32
TCCGAGCGTTCAAAGAGAGTACGTCCATTAC,3
CGTGTACTCCATATTAAAGTGCTCCTATT,15
ACATAAAACCGCCCAAGGAGATTTGTCGTTT,10
CTGCGTTACGGATTTGAAACTCCATGGAA,13
GACAAATGGTATTGAAGAGGGCGGTGGCT,9
TCCGAGCGTTAAGAGAGTACGTCCATTAC,18
TGGTCCCGATGAACTAGATTCGAGATGTT,7
CAACGATAACCTGTAGTCATATGCATCGT,3
CAGTTGTGGCAGGCAAAAAAAGCAGTGACC,11
GTGACGCCGTGAAGGCAGTCTGCGCTTTTT,9
ACTAAGACCGCCCAAGGGATTTGTCGTTT,8
TAGGGGACCATAACAACTTAAAATTCTCT,12
GGGGGAGTTTTCAACCCCAGTGTCTCTGAA,7
GATTTCTCACCGACGTGTACATGTACACGCT,13
TGACAATATTTACCGAGCTTTAACAGCCCGC,2
CCGCGTGCAGCAGCGCCCGACTTCAAACC,8
ATTAGGAATCTCGGAGCGTAAGGACTTCC,7
TAAAGGACCGGATAATAACTTAGAGGTAT,45
GTGACGCCTAAACCGTAGCTAGGTGGCGAT,9
CGACAAATGGCTATTGAAGAGGGCGGTGGCT,6
CGCGCAGAGGCGGCAACTTCCGTTGTGGCG,5
CGTATGTGACCGTTGTTGGTTGCGGTCGTT,4
GTGAGTCGCGGTTGAGCTTCTGCCGTGCCA,10
GTGACGCGTTAAGGTTCAGTCTGCGCTTTTG,11
GATTTCTCACCGAGCTGTACTGTACACGCT,5
CCACGCGGTTTGCCGAAAACGTGATACGG,11
TGGTCCCGATGAACTAGATTCGTAGAGTT,4
GTGACGGCACCCTTCGAAAGGTCTTTCGACT,29
ACTGACCAGAACTCGAGTCCTGCCGTATTG,14
CGGTACCCAGTTGCTTGGGCAGCGGCCGATA,3
GAATCTTTAATAGCGGCTTGCCATCGGTAC,9
TGTGTTACGATAATAACCTAGGGGTATCTT,22
CGCGCAGAGGCAGGCAAGTTTCGTTGTGGCG,9
TAAAAGGACCGGATAACAACTTAGACGTAT,20
GACAAATGGCTATTGTAGAGGGCGGTGGCT,8
TGACAATATTAACGCGCTTTAACAGCCCGC,3
AAGCTATCAGCTAGGCTGGCATGCTCATATA,7
GTGACGCCAAACCGTAGCTAGGTGTCGAAT,10
TCGTCTGGCGTGCGGAATAGTCTGAGCGAAA,4
CGTATATGACCGTTTTGATTCGCGGTCGTC,6
CCGCTGCCAGGCAGCGCCGACTTCAAACC,4
GTGGGCGTTTTCAACCCCAGTGTCTCTGAA,15
CATTGTGCCACCACGTCCGATATCAGACGT,7
ACAAGTATGACATCTGTCGGGATATTACGG,2
GGTAGCAGCCGTGACGGTTGTAGACAGTCT,5
ACAAGTCTGACATCTGTCGGGACATTACGG,5
ACGGTACCAACGCAGGACAAGTGCGTCGA,3
GCTATGCCGAACACGATAACTCGTACGTGCA,26
CAAACAATCTTATTACCTACTATGCATA,9
CTAGTCACCAGGAGTACATCGCCTCCTTAA,8
ACGGCCGCTAACATTTGATGTGTGATCG,12
ACCCCAGTCGTATAAAGAGAATCTCGGGCA,6
ACGAGGCTGCTTAACATTTGATGTGTGATCG,3
TCCGTCTTATCTAGGAATAGGAACATCCGA,11
GGGCATCGGGATGTCCCTATTGCTTGTGAAT,31
CAAAGAATCCTTATTACCTATCTATGCATGA,17
GCTATGCGAACATCGATAACTCGTACGTGCA,16
GGTAGCAGCCGTGACGGTGTAGAACGTCT,5
AACCCCAGTCTATAAAGAGAATCTCGGGCA,3
CTGTATTTGGGTATTGGACCAGTCACTACG,3
CAAGGGCGCACCTGGACATCTCAAGCCACTT,6
CACGCGTAGCCTAAGGCGGAAGGGTTGTC,6
GCGCCATTAGGCGCCAAGAGGTATAGCGT,6
TCTGTCTTATCTATGAATAGGAACATCCGA,13
TGGATTGTGACCACTCTGCAGTCAGGAAGG,8
CATTTGGCCAAAATTCAGATCGGACTGTA,9
CCCCTGAATAGAAGGAAGGGGCAGGTATAA,9
CTAGTCACCAGGAGTAATTCACCTCCTTAA,19
GTCATATATTAAGATTAAACTGCTGAATGTC,4
GCGCCATTAGGCGCCAGGAGGTAATAGCGT,5
CTGCGTATTACGTCCCCGAGTCGTACAAGGAA,14
GCTATGCGAAACGATAACTCGTACGTGCA,5
CACGCACGCCTAATCGACGCGATTAATCGTT,6
GTCATATATTAGATTAAACGGCTGAATGTC,8
GGGTCATCCCCATGTGCGTGGCTTTGGCCC,15
CTGGGTGGGCTCCTTAAGCCCATATCCA,15
CATTTAGGCCAAAATTCAGATGGACTGTAG,15
TGCCGCGGAATGTCTAGAAAGGTTCAGCTGGA,6
TTGAAAAGCGACCTACGTTCCAACGAGTGA,7
ACGGTACCAACGCAGGGACAAGTGCGGTCGA,9
ACGGTACCAACGCAGGACAAGTGGCGGTCGA,10
ACCATGCATTGTGTACTCCGTCACCCGCCTA,4
AGACCTACGTGACACGCGGCAGCAAGTGG,18
CCCAGTCGTTGCAGGTCTTAACCATGGCCAC,11
AGCCTCAGAAGTTTTAGGATACCAGCGCT,3
AAACCAGGGTGTTCAACTTGAGAAGTACAG,8
CCCCTGAATAGTAGGAAGGGGCAGGTATGA,20
TGCGCAATAGCCTGCCCGTCTTCGGCGATTG,3
TCGTCTGGGTGCGGAATAGCTTAGCAAAA,13
GGAATCTTTAATAGCGACTTGCCATCGGTAC,4
AAGCTATCAGCAGGCTGGCATGCTATATA,9
TGTAATCCAAGTGGTTACTTTCGTAATGCG,2
GCAGCACACATGGGACTCTTCAAGGGTTG,5
ACATAAAACCCGCCCAAGGGATTTGTCGTTT,7
AGAGGGCGTGCATAGACGTAAGGGGCCTTC,10
GACAAAAGGCTATTGAAGAGTGGCGGTGGCT,5
TATCTGCAAAACTTGTAATCTGACCGATACC,9
CGTGATACTCCATATTAAAGTGCTCCTATT,6
ACTGTCCAGAACTCGAGTCCTCGGTATTG,9
GATTTCTCACCGATGTGTACTGTACACGCT,4
TGTAATCCAACTGGTTACTTTGCGTTATGCG,3
TGGGGGACCATAACAGCTTAAAATTCTGT,4
CGCGCAGAGGCGGGAACTTTCGTTGTGGCG,4
GATTTCTCACCGACGTGTACTTTACATGCT,4
TCCAAGCGTTAAAGAGAGTGCGTCCATTAC,3
ATTAGAAATCTCGGAGCGTGAAGGACTTCC,19
TAGGGGACCATAACAGCTTAAAATTCTCT,21
CGCACAGAGGCGGCAACTTTCGTCGTGACG,2
GTGACGCCAAACCGTAGCTTAGGTGGCGAAT,2
GGGGGCGTTTTCAACCCCAGTGTATCTGAA,5
TCACCCGCTGGTAATGAGGCGTCCCATACA,9
ACCCCAGGCGGACGTCGGCTGAGTCTTTTC,11
TAAAAGGACCGGATAATAACTTAGAGGTAT,7
TGACAATATTGACGAGCTTTACAGCCCGC,5
AAGCTATAAGCTAGGCTGGCATGCTATATA,2
TCCGAGCGTTAAAGAGATACGTCCATTAC,8
AGTTAGGGAAAGATATACTCTTAAGACAG,6
CAACGATAAACCTGTAGTCATATGGCATCGT,3
CGCGCAGAGGCGGCAATTCCGTTGTGGCG,5
CATATATGACCGTTTTGATTCGCGGTCGTT,13
ATCCCCAGGCGGACGTCGGCTGAGTCTTTTT,12
CGAATCTTTTAATACCGCTTGCCATCGGTAC,8
GTGACGCGTGGAAGGTCATGTCTGCGCTTTTT,9
CTGCGTTCAGGATTTGAAACTCCATGGAA,8
GTGACGCGTGAAGGTCAGTCTACGCTTTTT,12
GAACGAATAACCTGTAGTCATATGGCATCGT,7
TGACAATATTTACGAGCTTCAACAGCCCGC,7
GACAAATGGCTATTGAAGAGGTCGGTGGCT,9
CTGTCCAGAACTCGAGTCCTGCGGTATTG,2
TGGTCCCGTGAACGAGATTCGTAGATGTT,7
ACTGTCCAGACTGGAGTCCTCCGGTATTG,2
CCGCGTAGCCAGGCAGCGCCGACTTCAAACC,5
CGGTACCAGTTGCTTGGGCAGCGGCCGATA,7
ACCCCAGGCGGACGTCGGCTGAGTCATTTT,5
CGTTATATACTCGGCGATCCGCTAAGATAG,6
CGAATCTTTAATAGCGCTTGCCAATCGGTAC,3
CCCCGAAATCTAGCGAGCAGTATCCCCCTT,9
CGTTACTTCCTATTAAAGTGCTCCTATT,2
AGAAGGCGTGCATAGACGTAATGGGGCCGTC,17
TGACGTTGCCGGGCCTGGTTCAACGCATCG,2
TCAAGGACCGGATATAACTTAGACGTAAT,9
CATGATGGGGGTGTATGCGTGATGTTTCTTT,12
GGACAAATCTCATCCTAGTGGCTCAAAAG,16
TGTAATCCAAGTGGTTACTTTCGTTATACG,9
ACCCCAGGCGGACGTCGGCTGAGTCTTTTA,3
CGTGTACTTCCATATTAAAGTGCTCCTAT,3
CTGCGTTCACGGATTTGAAACTCCAGTGGAA,4
TGCAATCCAAGTGGTTACTTTCGTTATGCG,3
TGGTCCCCGATGAACTAGATTCGTAGATGTT,2
GCCCCGCTGGTAATGAGGCGTCCCATACA,2
CAACGATAGCCTGTAGTCATATGGCATCGT,11
TCCGAGCGTTAAAGGAGTACGTCCATTAC,8
GAATCTTAATAGCGACTTTGCCATCGGTAC,7
GCACCGTTTAGGCTGGACTCATGACATCTG,5
ACATAAGACCGCCCAAGGGAATTTGTCGTTT,9
GGGGGCTTTTTCAACCCCAGTGTCTCTGAA,12
CGTGTACTTCGATATTAAAGTGCTCCTATT,22
CGGTACCCCAGTTGCTTGGGCAGCGTCCATA,5
AGACGTTCGGCTTGTCCTCGTGTTAATGA,7
AGGGGCAATAGGTACCATTCTTCCCGAGTACA,2
GGGGGCGTTTTCAACCCCAGTGTCTCTGA,6
TAATAGGACCGGATAATAACTTAGACGTA,4
CGGTACCCAGTGCTTGGGCAGCGTCCGATA,7
CGTGTACTTCCATATTAAAGAGCTCCTATT,11
AGAAGGCGTCGCATAGACGTAAGGGGCCTTC,9
GCACCGTTTAGGTAGGACTCATGACATCTG,3
CCGCGTGCCAGGCAGCGCCGACTTGCAAACC,8
TGAAATATTGACGAGCTTTAACAGCCCGC,4
TGACAATATTTACGAGCTTTAAGCAGCCCGC,12
GTGACAAATCTCGTCCTAGTTGGCTCAAAG,5
TGACTTCCGCGCGGTCCCATGCAGAATTAG,3
GAATCTTTGATAGCGACTTGCCATCGGTAC,5
ACGAACCTAAAATAGTCTTCTCCAGCCCCG,5
GGACAAATCACTTCACTAGTTGGCTCAAAAG,4
TATCTGTCAAAACTTTGTAATCTGTCGATACC,5
GTGATGGGGGTGTATGCGTGATGTTTCTTT,14
CACGCGTTGCCTAAGGCCGGAGGGTTGTC,9
CCCCTGAATAGTAGGAAGGGGCCCAGGTATAA,2
GCAATGATCCACGCGCGATCGACGTAGATGG,4
AATACGTCTGTGTGGTCTTCGGTACTGGCGG,11
ACATGCATTGTGCTACTCGTCACCCCGCCTA,4
TATATTAGTAATAGTGAGCCGCCGGGGCAGG,4
ACAAGTATGACATATGTCGGGATTATTACGG,3
CATTGTCCACCACGTCCGATATCAGACGT,18
ACCATGCATTGTAGCTACTCGTCACCCGCCTA,4
ACGGTACCAACGCAGGACAGTGCGTCGA,4
AACAGTCTGTGTGGTCTTCGGTACTGGCGG,2
GGGCATCGGATGTCGCTATTGCTTGTGAAT,11
CACGATACTTCCCGAACATGTATGCTTCCC,7
CATTTGGCCAAAATTCAGATCGGACTGCTAG,12
CTGTTTGGGTGATTGGACCAGTCTCTACG,17
CTGCGTTTACGTCCCGAGTCGTTACAAGGAA,5
GTAGCAGCCGTGACGGTTGTAGGAAGTCT,6
AGGCCTACGTGACACACGGCAGCAAGTCGG,15
TGCCGCTGGATGTCTAGAAAGGTCAGCTGGA,7
TGGGTAATGCCAGAAGATTTTGATCCCGC,8
TTGCAAAAGCGGCCTACGTTCCAACGAGTGA,5
ACCCCACTCTATAAAGAGAATCACCGGGCA,6
GGTAGCAGCCGTGACGGTGTAAACGTGT,4
CTGCGTTTACGTCTCGAGTCGTACAAGGAA,9
ACGGTACCAACGCAGGACAGTGCGGTCGA,2
CCATGCGAACACGATAACTCGTACGTGCA,9
CAAAGTTCTTATTACCTACTATGCATGA,5
ACGAGCTGCTAACAATTGATTGTGATCG,2
GGTGCATTCTAAAGCGGATCCTCCGAAGGCC,10
TGGGTAAAGCCAGAAGAATTTTGATCCGA,17
CTAGTCACCAGGAGTAATCGCCACCTTAA,7
CCCCTGGATAGTAGGAAGGGGCAGGTATAA,4
ACGCGTGGTATTCTCAAGCATGTGTCCGA,10
CACGCGTAGCTAAGGCGGAAAGGTTGTC,6
AGCCATTAGGCGCCAAGAGGTATAGCGT,5
TGTATTTGGGTATTGGACCAGTCTCTACG,5
AGCTAGTTTAGCTCTGGTGACAAGAAGGAAG,6
CTGGGGTGGGGCTCCTTAATGCCCATATCCA,9
TGGATTGTGCCACTCAGCAGTCAGGAAGG,12
GTCATATATTAAATTAAACTGCTGAATGTC,5
GCTTGGTCGAGGATACCACAATAACTGGCG,6
AACCCCAGTCTATAAAGAGAATCTCGGGTCA,2
GCGCCATTAGGCGCCAGGAGGTAAATAGCGT,5
TGGGTAAAGCCAGAAGAATTTGATCCCGC,5
TATGCCACTTTAAATTCCATGCGACCATTCG,5
CAGCACGCCTAATCGACGCGATTAAATCGTT,7
TATCACTAGCATACCTCATCCTAAGACCGG,6
GTTTGGAAGATACTAGCTGGGAGTTCGTC,6
ACAAGTATGACATCTGTGGGACATTACGG,3
TAATCAACTGATCTGCCTTGACAGTACTG,10
ACAAGTATGACATCTTTCGGGACATTACGG,5
TCTAACGTAGGTCGCCCAACACTATGAATGG,8
ACGGTACCAACGCACGGACAAGTGGCGGTCGA,2
CACTCTGCCAGCACGTCAGAACATCAGACGT,4
GTGGAGCTTGGCTATCCAATCGGGGCAA,2
CCGCAAAACTCTACCTTAATTATGAATCCT,7
CAAAGAATCTTATTACCTACATGCATGA,8
CCCAGTCGTTGCAGGTTAACCATGGCCAC,4
GTGGGAGATTAGGCTATCCAATGGGGCAA,4
CACGCGTTGCCTAAGGCCGTGAAGGGTTGTC,7
TATGCCACTTTAAATTCATGCGACCCTTCG,15
CATTTGCGCCAAAATTCAGATCGGACTGTAG,6
ACGCTACCAACGCAGGACAAGTGCGGTCGA,3
ACCATGCATTGTGTACTCGGCACCCGCCTA,2
ACGAGGTGCTAACATTTGATGTGTGATCG,4
AATAGTCTGTGTGGTCTTCGGTACTGGCGA,4
GCTATGCGAACACGATAACTCGTACGTCA,6
AGCCTCAGAAGTTTTAGGATACCAAGCGCTT,4
ACACCTACGTGACACACGGCAGAAAGTCGG,2
CAAAGATCCTGATTACCTACTATTCATGA,10
ACAAGTATGACATCTGTCTGGACATTACGG,8
AAACCAGGAGTGCACTTGAGAAGTTACAG,3
GTATGCGAACACGATAACTCGTACGTGCA,11
AGACCTACGTGCACACGGCAGCAAGTCGG,13
AACCGAGAGTGTGCACTTGAGAGAGTACAG,6
TGGGTAATAGCCAGAAGAATTTTGATCCCGC,18
CATTCTGCCAGCACGTCAGATATCAGATGT,3
TCGACCCCGTGGGCTCTCCAGTCTCATAA,5
CATTCTTCCAGCACGTCAGATATCAGACGT,3
CAAGGGCGCACCTGGACATCTCAGCAACTT,7
TATGCCACTTTAGATTCATGCCGATCATTCG,6
CTAGTCACCAGGAAGTAATCGCCTCCTTAA,18
ACGCGTGGTATTCTCAAGCATGTGTCCGTAA,5
TGGATTGTGACCACTCAGCAGTCAGGAAG,9
GGGCATCGGATGTCCCTATTGCTTGCTGAAT,6
CAAAGAGATCCTTATTACCTACTATGCATGA,4
CAAGGGCGCACTGTACATCTCAGCCACCTT,3
GTCATATATTAGATTAAACTGCTGGATGTC,4
TATCACTAGCCATACCTCATCCTTAGACCGG,3
CTGCCCCTTCCTGGAGTGGGTAGCCATCG,16
AGCCTCAAGAAGTTTTAGGATACAGCGCTT,6
CAGCACGCCTAATCGACGCGATTAATCGCTT,2
ACAAGTATGACATCTGTCGGGACATTACGGG,2
CCGCAAGACTCTGCCTTAATTATGATTCCT,5
GGTAGCAGCCGTGACGGTTGTGGGAAGTCT,10
ACCAGTCGTTGCAGGTTTAACCATGGCCAC,10
ACCATGCATTGTGGTACTCGTCACCCGCCTA,10
AATAGTCTGTGTGGTCTTCGGTAGTTGGCGG,14
GTCGGGCGTTTTCAACCCCAGTGTCTCTGAA,3
AGAAGGCGTGCATAGACGTGAAGGGGCCTTC,3
ACGGCAAAAGTGTAACATTCTTCCCGATACA,5
AGACGTTCGGCTTCTCCTCGTGGTTAATGA,19
CGTATGTGACCGTTGTTGATTGTCGGTCGTT,9
GATTTCTCACCGAGCGTGTACTCTACACGCT,2
TGTGTTACGATAATTACCTAGGGGTATCTT,14
TGCGCGATGCCTGCCCGTCTTCGGCGATTG,5
CCCCCGAAAATCAGCGAGCAGTATCACCCTT,4
GACAAATGGCTATTGAAGAGGGCGTGGCT,4
TCGTAATCCAAGTGGTTACTTTCGTTATGCG,2
GACAAAAGGCTATTGAAGAGTGGCGGTGGC,6
AAGCTATCAGCATAGGTGGCATGCTATATA,2
AGACGTTCCGGCTTCTCCTCGTGCTAATGA,2
GTGACGCGGGAAGGTCAGTCTGCGCTTTTT,2
AGAAGGCGTTGCATAGACGTAAGGGGCCTTC,3
TACAAATGGTATTGAAGAGGGCGGTGGCT,6
GACAAATCGCTATTGAAGAGGGCGGTGGCT,2
ACCCCAGGCGGACGTCGGCGTGAGTCTTTTT,5
CAGTTGTGGCTAGGCAAAAAAAGCAGTGGCC,7
CGTTACTTACCTATTAAAGTGCTCCTATT,3
TGACAATATATCGAGCTTTAACCGCCCGC,3
GCACCGTTTGGGTTGGACTCATGACATCTG,5
TGACTTGCCGGGCCTGGTTCAACGCATCG,3
TCCAAGCGTTAAAGAGAGTGCGTACATTAC,2
GATTTCTCACCGACGGTACTTTACATGCT,6
AAGCTATCAGCTAGGCTGGCATGCTCATAT,7
GAATCTTTAATAGCGACTTTGCCTTGCGGTAC,4
AGAAGGCGTGCAGTAGACGTAATGGGGCCGTC,7
ACATAAAACCGCCCAAGGGATTTGTCGTTA,6
GCACCGTTTAGGTTGGACTCATGACATTG,5
GTTACGCGTGAAGGTCAGTCTGCGCTATTT,3
AGATACCTAGTAAGTCACTTAAATCCCACA,11
CGTATGTGACCGTTGTTGATTGCGGCCGTT,6
GGACAAATCTCGTCCTAGTGGGCTCAAAAG,13
AGTTAGGGAAAGAAATACTCTTAAGACAG,14
GTGACGCGCTAAGGTTCCAGTCTGCGCTTTTT,14
GGTACTTTTACCAGGTAAGAAGCAGGTGAA,18
CGAACGTAAGATAGTCTTCTCCAGCCCCG,6
TGTAATCCAGTGGTTACTTTCGTTATGCG,8
CAACGATAAACCTGTAGTCATATGGATCGT,2
TGGGGGACCATAACAAGCTTAAAATTTCT,6
ACGGCAATAGGTACCATTCTTCCGATACA,17
ACCCCAGGCGGAGGTCGGCTGAGTCTTTTT,6
ACGTTGCCGGGCCTGGTTCAACGCAATCG,7
TGGGTCCCCGATGAACTAGATTCGTAGATGTT,6
AGGGGCAATAGGTACCATTCTTCCCGATACA,2
GAATTTAATAGCGACTTTGCCATCGGTTC,2
ACCCCAGGCGGACGTCGGCTGAGCTTTTT,6
AAGCTATCAGCTAGGCTGGCATGCCTATATA,8
TGACTTCCGCGCGGTCCCATGAAGAATATAG,7
ACATAAGACCACCCAAGGGAATTTGTCGTTT,4
ATGGGTAGGGAAAGATATACTCTTAGGACAG,6
ATGTTAGGGACAAGATATACTCTTTAAGACAG,11
AGACGTTCGGCTTCTCCTCGTGTAATGA,2
GGTACTTTACCAGGTAAGAAACAGGTGAA,4
TATCTGCAAAACTTGTAATCTGTTCATACC,14
CAGTTGTGGCAGGAAAAAAAAGCGGTGACC,2
TGACTTCCGCGCGGTCGCCATGAAAATTAG,5
GTGAGTCGCGGTTGAGCTTCTGCCGTGCTA,4
GTGACGCGTTGAAGGTCAGTCTGCGCTTTTT,6
CTGCGTTCATCGGATCTTGAAACTCCATGGAA,3
GATTTCTCACCGACGTGCACTGTACACGCT,2
GACGTTGCCGGGCCTGGTTCAACGCGATCG,10
AGGGGCGATAGGTACCATTCTTCTGAGTACA,2
GTGACGCGTGAAGGTCCGTCTCGCTTTTT,12
GCACCCGCTGGTAATGAGGCGTCCACATACA,3
GGTACTTTTACCAGGTAAGTAACAGGTGAA,4
CGGCACCCAGTTGCTATAGGGCAGCGTCGATAA,5
AATAAAACCGCCCAAGGGATTTGTCGTTT,10
GATTTCTCAGCCGACGTGTACTGTACACGCT,5
CGTTAATATACTCGCGATCCGCTAAATAG,5
GACACCCGCTGGTAATGAGGCGTCCCATACA,3
ACTGACCAGAACTCGAGTACCTGGCCGTATTG,5
CGTTAATATACTCGGCGATCCGCTATATAG,10
GACGTTGCGGGCCTGGTTCAACGCAATCG,11
TCCGACGCGTTAAAGAGAGTACATCCATTAC,8
CGTATGTACCGTTGTTGATTGCGGTCGTT,6
ACGGCAATAGGTACCATTCTTCCCGATACC,6
TAATAGGACCGGATAATACTTAGACGTA,3
AAGCTATCAGCTAGGCTGGCATGCTATATCA,2
CGGTACCCAGTGCTGGGCAGCGTCCGATA,5
TGACAATATTGACGAGCATTTAACAGCCCGC,7
CCGCTGCCAGGCAGCGCCGACTTCAACC,3
ACCCCAGGTCGGACGTCGGCTGAGTCTTTTT,7
TGCGCAATAGCCTGCCCGTCTTCGTGCGATTG,5
ATTAGGAACTCTCGGAGCGTGAAGGACTTCC,7
GCAGCACACAGTGGGACTCTTCAAGGGTTG,8
ACCCCAGGCGGACGTCGGCTGAGTCCTTTT,9
GGACCGTTTAGTATTGGACTCATGACATCTG,3
GTGACGCGTTAAGGTTCCAGTCTGCGCTTTT,8
ACAAATGGCTATTGAAGAGGGCGGTGGCT,4
ACTGCCAGAACCGAGTCCTGCGGTATTG,4
CGTTAATATACTCGGCGATCCGCTAAGTAG,7
ATGGTAGGGAAAGATATATCTTAGGACAG,7
ACATAAGACCGCCAAGGGATCTTGTCGTTT,3
TATCTGCCAAAACTTGTAATCTGTCCATACC,3
AGGGCAACAGGTACCATTCTTCCCGATACA,2
CGGTACCCAGTTGCTTGGGCAGCGTCCGTTA,5
CAGTTGTGGCAGGCATAGAAAAGCGGTGACC,4
CCACGCGGTTATGCCGAAAACTGAACGGG,3
GGGGGCGTTTCAACACCAGTGTCTCTGAA,2
TGACTTCGCGCGGTCCCCATGCAGAATTAG,6
CGGTACCCAGTTGCTTGGCAGCGTCCATA,7
ATGACGGCACCCTTCGAAAGTCTTTCGACT,9
TTGTTACGATTATAACCTAGGGGTATCTT,13
CGATGTGACCGTTTTGATTCGCGGTCGTT,2
GAAGCTATCAGCTAGGCTGGCATGCTATATA,4
GGTGGCGTTTTCAACCCCAGTGTCTCTGAA,5
CGTGTCACTTCCATATTAAAGTGCTCCTATT,3
TCCGAGCGTTAAAGAGAGTACGTCGATTAC,7
GGAATCTTTAATTGCGACTTGCCATCGGTAC,3
GAATCTTTGATAGCGACTGCCATCGGTAC,9
TGCGCGATGCCGGCCCGTCCATCGGCGATTG,2
ATTAGGAATCTCGGAGCGTGAGGACTTCC,3
TGACAATATTGACGAGCTTTAAACAGCCCGC,2
TGACTTCCGCGCGGTCCCATGGAAGAATTAG,7
TGTAATCCAAGTGGTTACTTTCGTTACTGCG,3
AGAATACCTAGTAAGTCTTTAAATCCCACA,11
TCCGAGCGTAAAGAGAGTACGCCATTAC,2
TGCGCCGATGCCTGCCCGTCCATCGGCGATTG,2
GCACCGTTTAGGTTGGATCATGACATCTG,4
TCGCTGGGTGCGGAATAGTCTGAGCGAAA,2
CGTATATGACCTTTCGATTCGCGGTCGTT,11
GGTAGCAGCCGTGACGGTTGTACGGAGTCT,7
CCCCTGAATATTAGGAAGGGGCCAGGTATAA,3
GCATGATCCAGCGCGATCGACGTAGATGG,6
TCTAACGTAGGTCGCCGTACACTATGATGG,2
GGGCATCGGATGTCCCTTTGCTTGTGAAT,2
GGGCATCGGATGTCCCTATTGCTTGGAAT,2
CAACAATCTTATTACCTACTATGCATGA,11
GGTAGCAGCCGTGGCGGTTGTAGATAGGTCT,3
CAAAGATCCTGATTACCTACTAAGCATGA,5
ACACCTACGTGACCCACTGGCAGCAAGTCGG,8
GTCGACACCGGTGGGCTCTCCAGTCTCATAA,8
CACGCGTTGCCTAAGGCCAGGAAGGGTTGTC,8
ACGGTACCAACGCGGACAAGTGCGTCGA,9
AATATCTGTGTGGTCTTCGGTACTGGCGG,5
TGGGTAAAGCCAGAGAATTTTGATCCCGC,11
CAAAGAGATCTTTATTACCTACTATGCATGA,2
CTGGGGTGGCCTCCTTAATGCCCATATCCA,3
CACGCGTTGCCTAAGCCGGAAGGGTTGTC,2
CAAAGATCCTTATTACCCACTATGCATGA,7
GGGCATCGGATGTCCCTATTGCTTGCTGACT,6
CCCCTGCATAGTAGGAAGTGGCAGGTATAA,4
GCATGATCCACGCGCGATCGACGTAGATGGG,11
GCTTGGTCGAGGATACACAATAACTGGGG,3
CAAAGAATCCTTATTACCTCTATGCATGA,5
GCGCCTTAGGCGCCAAGAGGTAATAGCGT,4
ATCATATATTAAATAAAATCTGCTGAATGTC,8
AAAGGGCGCACCTGGACATCTCAGCCACCTT,3
GGGGAAGCTTAGGCTATGCTAATCGGGGCAA,4
TATATTAGTCAATAGTGAGCCCCGGGGCAGG,2
TTGGGGTGGGCTCCTTAATGCCCATATCCA,5
AGCCGCGGATGTCTAGAAAGGTCAGCTGGA,8
AGCTAGCTTAGCTCTGTGGACAAGAAGGAAG,2
ACCCCCAGTCTATAAAGAGAATCTCGGGTCA,3
ACGCGTGTATTCTCAAGCATGTGTCCGAA,5
CACGCGTTGCCTAAGGGCGGAAGGGTTGTC,3
TTGAAAAGCGGCCTACGTTCCACGAGTGA,2
CCCCTGAATAGTAGGAAGGGAGCAGGTATGA,6
CAGCACGCCTAATCGACGCGATTAATCGT,2
CCGCAAAAACTCTACCTTAATTATGATTCCT,7
TTGAAAAGCGGCCTACGTTCCAACTAGTGA,3
CAGCACGCCTTATCGACGCGATTAATCGCTT,9
CATGCCCCTTCCTGGAGTGGTAACCATCG,5
TATCACTAGCATATCCTCATCCTTAGACCGG,4
ACGGTACCAACGCAGGACAAGTGCGGTTGA,5
ACGAGCTGCTAACATTTGATTTGTGATCG,5
TATCACTAGCATACCTCATCCTAAGACCGA,3
CCCCTGAATAGTAGAAGGGGCAGGTATAA,3
AGCCTCAAGAAGTTTTAGGAGTACAGCGCTT,3
TCCGTCATATCTATGAATAGGAACATCCGA,3
CACGATACTTCCCGAAGATGTATTGCTTCCC,3
TGGATTGTGACCACTCAGACAGTCAGGAAGG,7
GTCGACCCGGTGGGCTCTCCAGCTCATAA,5
CTGTATTTGGGTATTGAACCAGTCTCTACG,5
TATGTCTTATCTATGAATAGGAACATCCGA,7
AGCTAGTTTAGCTCTGATGACAAGAAGGAAG,6
ACCAGTCGTATGCAGGTTTAACCATGGCCAC,5
TTGAAAAGCGACCTACGTTCAACGAGTGA,3
CATGGCCCCTTCCTGGAGTGGCTAACCATCG,3
CTGGGGTGGGCTCGTTAATGCCCATATCGCA,2
TCAAAGAATCCTTATTACCTACTATGCATGA,3
GCTATGCGAACACGATAACTCGTAGCGTGCA,3
CCGCAAAACCTCTACCTTAATTATGAATCCT,3
CTCGTTTACGTCCCGAGTCGTACAAGGAA,4
GTGGAGTTGGCTATCCAATCGGGGCAA,3
ATCACTATATTAAGATTAAACTGCTGAATGTC,7
ACCCCAGTCTATAAAGAGATCACCGGGCA,6
GCGCATTAGGCGCCAGGAGGTAATAGCGT,6
CCGCAAAACTCTACCTTAATTATGATTCT,2
CTGGGGTGGGCTCCTTAAATGCCCATATCCA,2
TCTAACGTAGGTCGCCCAACACTAATGATGG,5
CTGGGGTGGGCTCCTTAATGCCCATATCCC,2
CCCAGTCGTTGCACGTTAACCATGGCCAC,8
TGCCGCGGATGTCTAGAAAGGTCAGCTTGGA,8
ACGAGCTGCCTAACATTTGATGTGTGATCG,9
AATAGTCTTGTGCGGTCTTCGGTACTGGCGG,6
GCTATGCGAAACGATACACTCGTACGTGCA,3
TATATTAGTAATACTGGAGCCCAGGGGCAGG,4
ACGGTACCTAACGCAGGACAGTGCGTCGA,6
GTCATATATTAGCATTAAACGGCTGAATGTC,7
GTTTGGAAGATACTTAGCTGGGAGCTTCGTC,2
TACCATGCATTGTGTACTCGTCACCCGCCTA,5
ACCCCAGTCTATAAAGAGAATCGCCGGGCA,7
TCGACCCCGTGGGCCTCTCCAGTCTCATAA,6
TTGAAAAGCGGCCTACGTTCCAACGAGTGAA,4
AATAGTCTTGTGTGGTCTTCGGTGCTGGCGG,2
TTGAAAAGCGACCTACGTTACCAACGAGTGA,3
AGACCTACGTGACCGCGGCAGCAAGTGG,11
ACGGTACCAACGCAGGACAAGTGCGGTTCGA,4
CCCCTGATAGTAGGAAGGGGCCAGGTATAA,6
GTGGGAGCTTAGGCTATCCAATGGGGCAA,6
ACCACTGCATTGTGCACTCGTCACCCGCCTA,2
ACCATGCATTGTGTACTCCGTCACCCGCCCTA,10
AAACCAGAGTGTGCACTTGAGAGAGTACA,3
TCTAACGTAGGTCGGCCCAACACATATGATGG,6
GTGGGAGCTTAGGCTATGCCAATCAGGGCAA,2
ACGAGCTGCTAGCATTTGATGTGTGATCG,4
AAACCAGGGGTGCACTTGAGAAGTACAG,5
AACATCTGTGTGGTCTTCGGTACTGGCGG,5
GCAATGATCCATCGCCCGATCGACGTAGATGG,2
AGCCTCAAAGTTTTAGGATACCAGCGCTT,3
CCCCTGAATAGTAGGAAGGGGCATTATAA,9
GCTTGGTCCGAGGCATACACAATAACTGGGG,4
CAAAGATCCTGATTACCTACTATGCATCA,3
CCCAGTCGTTGGAGGTTTAACCATGGCCAC,3
CCCCCTGAATAGTAGGAAGGGGCCCAGGTATAA,8
ACAAGTATGACATCGTCGGACATTACGG,9
ACCCCAGTCTATAACGAGAATCACCGGGCA,3
AATAGACTTGTGTGGTCTTCGGTACTGGCGG,3
TGCCGCGGATGTCTAGAAAGGTCTGCTGGA,4
CTGTATTGGGTATTGGACCAGTCTCTACG,3
CTAGTCACAAGGAGTAATCGCCTCCTTAA,4
CTAGTCACCAGGCGTAATCGCCTCCTTAA,9
GGTAGCAGCCGTGTCGGTTGTAGGAAGTCT,2
GGGTCCATCCCCATGTGCGTGTGTTAGGCCC,4
CTAGTCACCAGGAGTAATCGCCTCCTTTA,6
ACCATGCATTGTGTACTCGTCAGCCGCCTA,5
TGGGTAATGCCAGAAGATTTGATCCCGC,13
CTGTATTTGGGTATTGGACCAGTCTCTACT,4
TCTAACATAGGTCGCCCAACACTATGATGG,3
GCTTGGTCGAGGATACCACAATACTGGG,3
GCTATGCGAACACGATACTCGTACGTGCA,3
ACCATGCATTGTGTACTCGTCACCCGCTCTA,5
AATAGTCTGTGTAGTCTTCGGTACTGGCGG,3
ACCACGCCAGCGAGGCGGCTCCATACTCT,3
CAATCTGCCAGCACGTCAGATATCAGACGT,4
GGGTAATGCCAGAAGAATTTTGATCCCGC,7
CTGCGTTTACGTCCCGAGTCGTATCAAGGAA,2
CTAGTCACCAGGAGTAACCGCCTCCTTAA,5
AGCCTCGAAGTTTTAGGATACAAGCGCTT,3
AGACCTACGTAACACACGGCAGCAAGTCGG,6
CTAGTCACCAGGAGTAATCGCCTGCTTAA,5
TGCTAGTTTAGCTCTGTGACAAGAAGGAAG,8
GGGCATCGGATGCCCTATTGCTTGTAAAT,7
CTGGGGTGGGCTCCTTAATGCCCATATACCA,2
TATACCACTTTAAATTCATGCGACCATTCG,7
CAAGGGCGCACTGGACATCTCCAGCCACCTT,3
TGGGTAAAGCCAGAAGAAATTTGATCCCGC,2
GTCATATATTAGATTAAACTGCTGAATGC,4
ACCCCACTCTATAAAGAGAATCACTCGGGCA,2
GGGCATCGGATGTCCCGATTGCTTGTGAAT,11
CAGGGCGCACTGGACATCTCAGCCCCTT,3
CATGCCCCCTCCTGGAGTGGGTAACCATCG,4
GGGTCATCCCCATGTGCGTGTCTTGGGCCC,4
TAATCAACTGAGCATGCCATGACAGTACTG,6
ACAAGTATGACATTTGTCGGGACATTACGG,6
ACGAGCTGCTAACAATTGATTTGATCG,5
ACCACGCCAGCGAAGGCGGCTCCATACTCA,10
CCATGCGAACACGATAACTCGTACGTGAA,9
GTGGGAGCTTAGGTATCCAATCGGGGCAA,11
CACTCTGCCAGCACGTCAGAGATCAGACGT,3
GTCGACCCCGTCGGCTCGCCAGTCTCATAA,15
AATAGTCTGTGTGGTCTTCGGAGCTGGCGG,5
GCTATGCGATACACGATAACTCGTACGTGCA,6
AGGGGCGATAGGTACCATTCTTCTGGTACA,2
TCCGAGCGTTAAAGAGAGGTACGTCCATTAC,3
ACTGACCAGAACCGATGTCCTGCCGTATTG,3
GGTACTTTTCCAGGTAAGTAACAGGTGAA,5
TGTGTACGATTATAACCTAGGGGTATCTT,3
GCACCCGCTGGTAATGAGCGGCGTCCCATACA,3
ATTAGGAATCTCGGAGCGTGAAGAACTTCC,5
TGACAATATTTCGAGCTTTAACTGCCCGC,3
CCGCGTGCCAGGCAGCGCCGTCTTCAAACC,2
GACGTTGCGGCCTGGTTCAACGCAACG,6
AGACGTTCGGCTTCCCCTCGTGTTAAGGA,3
TGTGTTACGATACATAACCTAGGGGTTCTT,4
TCCGAGCGTTAAAGAGAGTGCGTCCATTAC,3
GGGGGCGTTTTCAACCCCTGTGTCTCTGAA,10
CGGTACCCAGTGCTGGTGCAGCGTCCGATA,4
TGCGCGATGCCTGCACGTCATCGGCGATTG,3
GGGGGCGTTTTAAACCCCAGTGTCTCTGAA,6
AAGCTATCAGCTAGGCTGCCATGTCGATATA,6
GTGACGCGTGAAGGTCAGTCTGGCGCTTTTT,4
TCCGAGCGCTAAAGAGAGTACGTCCATTAC,2
ACATAAAACCGCCCCAAGGGATTTGTCGTTT,3
ATTAGGAACTCTCGGAGCGTTGAAGGACTTCC,9
CGCGCAGAGGCGCAACTTTCGTTGTGGCG,3
CAACGATAACCTGTTAGTCATTGGCTTCGT,10
GGACCGTTTAGTATTGGACTCATTGACATCTG,2
CTGCGTTTCACGGATTTGAAACTCCACGGAA,2
ACAAATGGCTATTGAAGGAGGGCGGGGCT,4
TGTAATCCAAGTCGGTTACTTTCGTTATGCG,4
GTGACGGCACCCGTTCGAAAGTCTTTCGACT,9
CCCTGTGGTGGTGTTACAATATATCAAAT,2
AAGCTTCAGCTAGGCTGGCATGCTATATA,9
AGAAGGCGTGAATAGACGTAAGGGGCCTTC,2
GCAAGCACATCATGGGACTCTTCAAGGGTTG,3
GCACCCGCTGGTAATGACGGCGTCCCAGAGA,2
GTGACGCGTGAAGGTCAGGCTGCGCTTTT,3
CGTTATTTACTCGGCGATCCGCTAAGATAG,4
CGACAGCCCGAAAACCGGAGTATTCCTCCTG,2
GACAAATGGCTATTGAAGAGGGCGGTGGC,6
GACAAAAGGCTATGTGAAGAGTGGCGGTGGCT,2
TATCTGCAAAACTTGTAATCTGCCCGATACC,6
AAGCTATCAGCTAGGCTGGCTTGCTATATA,2
GGACCGTTTAGATTGGACTTTGACATCTG,3
TGTAATCCAACTGTTACTTTGCGTTATGCG,2
ATTAGGAATCTCGGAGCGTAAGGTCTTCC,6
CTGCGTTACGGATTTGAAACTACCATGGAA,4
GCACCGTTTAGGTTGGGACTCATGACATCTG,3
CGCACAGAGGCGGCAACTTTCGTACGTGACG,2
GGTACTGTTACCAGGTAAGAAACAGGTGAA,2
TGCGCGATGCCTGCCCGTCATCGGCGATGG,3
GAATCTTTAATAGCGACTTGCCATCAGGTAC,3
GACGTTGCCGGGCCTGGTTCACGCAATCG,4
ACTGTCCAGAACTGAGTCCTGCGGTATTG,2
GTGAGTCGCGGCTTGAGCTTCTGCCGTGCCA,3
AGGTCAATAGGTACCATTCTTCCCGATACA,4
TGACTTCCGCGCGGTCCCATGAAAGAATTAG,4
CGCGCAGAGGCGCAACTTTCGTTGGTGGCG,3
ATGTAGGGAAAGATATACTCTTAGGACAG,7
GAATCTTTAATAGCGACTTGCCATCGGTAT,2
ACATAAAACCGCCCAAGGGACTTGTCGTTT,4
TCCGAGCGTTAAAAGAGAGTACGTCCATTAC,4
TCCGAGCGTTGAAGAGAGGTACGTCCATTAC,2
AGATACCTAGTAAGCTCTCTTAAATCCCACA,2
CGACAGCCGAAAACCGGAGTATTCCTCTG,3
CCGCGTGCAGCCAGCGCCGACTTCAAACC,2
TGACAAATTTACGAGCTTCAACAGCCCGC,3
TGACAAATATTGACGAGCTTTTAACAGCCCGC,3
GTGAGTCGCCGTTGAGCTTCGTGCCGTGCCA,2
CGTACCCAGTTGCTATGGGCTAGCGTCGATA,6
GACAAATCTCTTCCTAGTGGGCTCAAAAG,2
AACGTTCGGCTTCTCCTCGGTGCTTAATGA,11
GGACCGTTTAGATTGGACTCATGACACTG,2
GTGAGTCGCCGTTGAGCTTCTGCCGTGCGA,2
GGGGGGCGTTTCAACCCCAGTGTCTCTGAA,3
TGCGCGATGCCTGCCGTCATCGGCGATTG,2
TGCGCGATGCCTGCCCGTCCATCGTCGATTG,2
TGACTTCCGCGCGTTCCCATGAAGAATTAG,3
CCGCCGAAATCAGCGAGCAGTATCACCCATT,2
AGACTTCCGGCTTCTCCTCGTGCTAATGA,4
TACAAATGGTATTGAAGAGGGCAGTGGCT,6
GACAAATCGCTATTGAAGAGGGCGGTGCT,5
ACCCCAGGCCGGACGTCGGCTGAGTCTTTTT,2
GACAAATGGCTATTGAAGAGGGCGGTTGGCT,2
GATTTCTCACCGATGTGAACTGTACACGCT,2
GACAAATGGTATTGAAAGGGCGGTGGCT,4
GGTACCCAGTTGCTTGGGCAGCGTCCATA,4
ACCCGAGGCGGACGTCGGCTGAGTCTTTTT,6
TGCGCGATGCCTGCCCGTCCTCGGCGATTG,5
TGCGCGATGCCGGCCCGCTCCATCGGCGATTG,2
TCCGTGCGTTAAAGAGAGTACGGTCCATTAC,2
CAGTTGTGGCAGGCAAAAAAAGCAGGACC,3
CGTGTACTCCATATTAAAGTGCTCCTCTT,5
CCCTGTGGTGGTAGTTAAGAATATATCAAAT,3
ACCCCAGGCGGACGTCGGCTGTGTCTTTTT,2
AACTATCAGCTAGGTGGCATGCTATATA,3
TGCGGGATGCCTCCCGTCATCGGCGATTG,4
TCAAGACCGGATATAACTTAGACGTAAT,3
TCGTCTGGGTGCGGAATAGTCTTAGCGACAA,4
TGACTTCCGCCCGGTCCCATGAAGAATTAG,3
TCCGAGCGTTAAAGAGAGTACGTCCATTAA,2
GACGTTGCCGGGCCTGGATCAACGCAATCG,2
TGTAATCCAAGTGGTTACTTTCGGATGCG,2
GCACCGTTTAGGTTGGACTCATGACAATG,2
GTGACGCGTGAAGGTCAGTCTGCGCTTTT,3
GCACCCGCTGGTAATAGGCGTCCCATTCA,2
ACTAAGACCGCCCAAGGGATTTGTCGGTTT,4
TAGGGGACCAAAACAACTTGAAAATTCTCT,4
ATTGACCAGAACTCGAGTCCTGCGGTATTG,2
AAGCTATCAGCTAGCCTGGCATGCTATATA,3
GCACCCGCTGGTAATGACGCGTCCCATACA,2
ATGTTAGGGAAAGATATATCTTAGGACAG,4
CCCCCGAAATCAGCGAGCAGTACACCCTT,17
TGTAATCCAGTAGTTACTTTCCTTATGCG,2
TGTGTTACGATTATAACCTAGGTGTATCTT,9
CAACGATAACCTGGAGTCATATGGCATCGT,8
GCAAGCACACATGGGACTATTCAAGGGTTG,3
CGAGCGTAAGATAGTCTTCTCCAGCCCCG,2
ACGGCAATAGGTACCATCTTCCGATACA,18
AAGCTATAGCTAGGCTGGCATGCTATATA,3
GGAACAAATCTCTTCCTAGTTGGCTCAAAAG,4
TGTAATCCAAGTGGTTACTTTCGTTACTGACG,6
GGTACCTTTACCAGGTAAGAAACAGGTGAA,3
TATCTGCAAAACTTGTAATCTGTCATACC,3
CGACAAATGGCTATTGAAGAGGGCGGTGCCT,2
TTGGGGGACCATAACAAGCTTAAAATTCTCT,6
GTGACGCGTGAAGGTCAGTCAGCGCTTTTT,4
CCGCGTGGCCAGGCAGCGCCGACTTCAAACC,3
TGACAATATTAACGAGGCTTTAACAGCCCGC,5
GTGACGCGTGAAGGTCAGTCTACGCTTGTT,10
ACATTAAGACCACCGCAAGGGAATTTGTCGTTT,3
ATTAGGAATCTCAGGAGCGTAAGGACTTCC,11
GGGACAAATCTCTTCCTAGTTGGCTCAAAAG,2
GAACGAATCAACCGTAGTCATATGGCATCGT,3
TCCGAGCAGTTAAAGAGAGTCCGTCCATTAC,3
GGACAAATCTCGTCCTAGTTGCTCAAAAG,5
CTGCGTTCACGGATTGGAAACTCCATGGAA,5
GTAGACGCCAAACCGTAGCTAGGTGGCGAAT,2
AGGGCAATAGGTACCATTCTTGCCGATACA,10
ATTAGGAATCTCGGAGAGTGAAGGACTTCC,2
TAGCTATCAGCTAGGTGGCATGCTATATA,2
GTGACGCGTTGAAGGTCAGTCCGCGCTTTTT,8
CAGTTGTGGCAGGCACAAAAAAGCGGTGACC,7
ACTGTCCAGACTGGAGTCCTCCGGCATTG,5
AGAAGGCGTGCATAGACGTAAGGGGCTTC,2
TAAAAGGACCGGATAATAACTACGACGAAT,3
TCCGAGCGTTAATGAGAGTACGTCCATTAC,2
ACATAAAACGCCCAAGGGATTTGTCGTTT,4
TTGACTCCGTGAAGGCAGTCTGCGCTTTTT,3
TAAAAGGACCGGATAAAACTTAGACGTAT,16
AAGCTATCAGCTAGGCTGGCATGCTAGATA,7
GCAAGCACACATTGGGACTCTTCAAGGGTTG,2
CGGAATCTTTAATAGCGCTTGCCATCGGTAC,6
GTGTACAAATCTCGTCCTAGTTGGCTCAAAAG,3
CGTTAATATACTCGGCGATCCGCTAAAATAG,7
CTGCGTTCACGGATTTGAAATCCATGGAA,2
TGACGTTGCCGGGCCTTGGTTCAACGCAATCG,5
TCCGGCGTTAAAGAGAGTACGTCCATTAC,2
ACGCGTGGTATTCTCAAGCATTGTACGTAA,4
ACGAGGGCTTAACATTTGATGTGTAGATCG,3
GGGCATCGGATGTCCCTCTTGCTTGGAAT,2
AGCCTCAGAGTTTTAGGATACCAGCGCTT,5
GCTATGCGAACACGATAACTCGTACGTGCG,2
AAACCAGAGGAGCACTTGAGAGAGTACAG,2
AATATCTGTGTGGTCCTTCGGTACTGGCGG,5
GCTATGCGAACACGATAAGTCGTACGTGCA,2
TGGGTAAGCCAGAAGAATTTTGATCCCGC,4
CAAGAGATCTTTATTACCTACTATGCATGA,8
AGCTAGCTTAGCTCGTGACAAGAAGGAAG,4
CACCGATACTTCCCGAAGATGTATGCTTCCC,5
CAGCACGCTAATCGACGCGATTAATCGTT,3
CTTGCGTTTACGTCCCGAGTTGTACGAGGAA,2
CTGTATTTGGGTATGGACCAGTCTCTACG,4
CTGTATTTGGGTATTGGACCAGTCTTTACG,2
AGCTAGCTTAGGCTCTGTGACAAGAAGGAAG,9
GGAAGCAGCCGTGACGGTTGTCGGAAGTCT,3
GCAGCCATTAGGCGCCAAGAGGTAATAGCGT,2
AATAGCTCTGTGGTCTTCGGTACTGGCGG,3
CATTTGGCCAAATTCAGATCGGACTGTAG,3
CTGGGTGGCTCCTTAATGCCCATATCCA,2
TATGCCACTTTAAATTCATGCGCCCATTCG,3
CATTTGGCCAAAATTCAGCATCGGATTGTAG,6
GCCTCAGAAGTTTTAGGATACCAGCGCTT,3
TGCCGCGGGATGTCTAGAAAGGTCAGCTGGA,6
CCCAGCTCGTTCAGGTTTAACCATGGCCAC,2
GCGCCATTACGCGCCAGGAGGTAAATAGCGT,3
CTGTATTTGGGTATTGGACCAGTCTCTCCG,3
GTCGATCCCGTGGGCTCACCAGTCTCATAA,6
TTCGTCATATCATATGAATAGGAACATCCGA,2
ACGAGGCTGCTAACATTTGTGTGTGATCG,2
CTAGTCACCGGGAGTAATTCGCCTCCTTAA,4
GGTCGCAGCCGTGACGGTTGTAGGAAGTCT,6
TGGGTAAAGCCAGAAGAATTTTGATCCCCC,3
TCCGTCTTATCTATGAATAGGAACATACGGA,2
GTCGACCCCGTGGGTCTCCAGTCTCATAA,3
GTGCATCGGATGTCCCTATTGCTTGTGAAT,2
ACCCCACTCTATAAAGAGAATCAATCGGGCA,2
TTCTAACGTAGGTCGCCCAACACTATGATGG,2
CCCCGAATAGTAAGAAGGGGCAGGTATAA,2
TATATTAGTATAGTGGAGCCCAGGGGCAGG,3
CAGCCTCAGAAGTTTTAGGATACCAGCGCTT,2
CAAGGGCGCACCTGGACATCTCAAGGCCACTT,2
CAAACAATCTTTTACCTACTATGCATA,2
CACGATAGTTCCCGAAGATGTATGCTTCCC,4
CGCGTGGTATTCTCAAGCATGTGTCCGAA,2
TTGTATTTGGGTATTGGACCAGTCTCTACG,2
CTAGCACCAGGAGTACATCGCCTCCTTAA,2
AATAGTCTGTGTGGTCTTGGTAGCTGGCGG,4
CTGCGTTTACGTCCCGCGTCTACAAGGAA,3
GGGTCATCCCCATGTGCGTGTGTTCGGCCC,3
TGGGTAAACCAGAAGAATTTTGATCCCGC,10
CAAAGTTCTTGATTACCTACTATGCATGA,7
GTCATATATTAAGATTATACTGCTGAATGTC,3
ACCACGCAGCGAAGGCGGCTCCATACTCT,4
AGACACTCGGATGCGGCCGTAAGTATAGG,9
CACGCGTTCCTAAGGCCGGAAGGGTTGTC,2
GGTAGCAGCACGTGACGGTGTAGAAGCGTCT,4
ACGAGCTGCTAACTTTGATGTGTGATCG,3
TTGGAAAAGCGGCCTACGTTCCAACGGTGA,2
CCCAGTCGTTGAGGTTTAACCATGGCCAC,3
CAAAGATCCTTTTACCTACTATGCATGA,4
TATGCCACTTTAATTCCATGCGACCATCCG,3
CCATGCGAACACGATAACTCGTACGTAA,5
ACGAGCTGCTACATTTGATGTGTGATCG,2
TATCCTAGCATACCTCATCCTAAGACCGG,5
GTCGACCCCGTGGGCTCTCCGAGTCTCATAA,8
ACCACGCCAGCGAAGGCGGCCCCATACACT,4
CACGATACTTCCCAGAAGATGTATGCTTCCC,2
CAGGGCGCACTGGACATATCAGCCACCTT,2
TGGATTGTGACCACTGCAGCAGTCAGGAAGG,4
CATTTAGGCAAAATTCAGATGGACTGTAG,3
GGGTCATACCCATGTGCGTGTCTTAGGCCC,4
CACGCGTAGCCTAAGGACGGAAGGGTTGTC,11
CTTGGGTGGGCTCCTTAAGCCCATATCCA,3
TATGCCACTTTAAATTCTGCGATCATTCG,6
AGCTAGTTTAGCATTGTGACAAGAAGGAAG,7
ACCAGTACGTTGCAGGTTTAACCATGGCCAC,3
TGCCGCGGAATGTCTGGAAAGGTTCAGCTGGA,4
CCCCTGAATAGTAGGAAAGGGGCCAGGTATAA,7
TGTGGAGCTTGGCTATCCAATCGGGGCAA,2
GTGGGAGATTAGGCTATCCCATGGGGCAA,2
CTGGGGTGGGCTCCTTAATGCCCCATATCCA,5
TTGAAAAGCGGCCTACGTTCCACCGGTGA,4
ACCCCAGTCTATAAAGAGAATCACCGGCA,5
CACCATACTTCCCGAAGATGTATGCTTCC,2
AGAACTACGTGACACGCGGCAGCAAGTCGG,2
GCTATGCGAACACGATAACTCGTACGTGA,2
CTGCGTTTACGTTCCCGAGTCGTACAAGGAA,3
TTGAAAAGCGGCCTACGTTCCAACGAGTA,2
CCCAGTCGTTGAAGGTTTAACCATGGCCAC,4
AATCGTCTTGTGTGGTCTTCGGTACTGGCGG,5
ACAATATGACATCTGTCTGGACATTACGG,4
ACCATGCATTGTGTACTCCGTCACACCGCCTA,2
CAAAGATCCTGATTACCTACTAGGCATGA,4
AAACCAGGGTGTGCACTTGAGAACGTACAG,3
TCTAATGTAGGTCGCCCAACACTATGAATGG,8
CCGCCAAACTCTACCTTAATTGATGATTCCT,5
GGTAGCAGCCGTGACGGTTCGTGAGACAGTCGT,3
CCGCAAAACTCTACCTTGAATTATGATTCCT,3
CTGAATTTGGGTATTGGACCAGTCTCTACG,3
TGGGTAAAGCCAGATGAATTTTGATCCCGC,6
AGCTAGCTTAGCTCGTGCAAGAAGGAAG,3
TATATTAATAATAGTGAGCCGCCGGGGCAGG,3
ACGGCCGTAACATTTGATGTGTGATCG,2
CATTCTGCCAGCAACGTCAGATATCAGATGT,3
CTGTATTTGGGTATTGGACCAGGCTCTACG,3
CAAAGATCCTTATTACCTACTGTGCATGA,4
GTCATATATTAGATTAAACTGCTGAATGT,3
GCAATGATCCATCGCCCCATCGACGTAGATGG,3
GCTTGGTCGAGATACCACAATAACTGGGG,3
CATTGTCCACCACCGTCCAGATATCAGACGT,4
AGCCTCAAAAGTTTTAGGATACCAGCGCTT,2
CATTTGCCAAAATTCAGATGGACTGTAG,4
AGGCCTACGTGACACACGGCAGCGAAGTCGG,6
AGACCCTCCGGATGCGGGCGTAAGTATAGG,8
CTGTATTGGGTATTGCGACCAGTCTCTACG,3
AATAGACTTGTGTGGTCTTCGTACTGGCGG,9
ACCATGCATTGTGTACTCGTACCCGCCTA,3
ACACCTACGTGACACACGGACAGCAAGTCGG,2
CATTTGGCCAAAATTCAGATTCGGATTGTG,3
GTGGGAGCTTAGGCTATGCTAATCGGGCGCAA,5
CAAACAATCTTATTGCCTACTATGCATA,7
AACGATACTTCCCGAGATGTATGCTTCCC,4
TTGAAAAGTGGCCTACGTTCCTACGGTGA,4
TTGCAAATGCGGCCTACGTTCCAACGAGTGA,2
AAACCAGGGTGTGCACTTGAGAGTACAG,2
CTAGTCACCAGGAGTAAATCGCCTCCTTAA,5
TCTAACATAGGTCGCCCAACTACTATGATGG,2
TCCGTTCTTATCTAGGAATAGGAACATCCGA,3
GCTATGCGAACACGATAACTCGTAGTGCA,2
GTGGGAGCATAGGCTATGCTAATCGGGGCAT,3
GCTATGCGAACACGATACTCGTACGTCA,2
GTCATATATTAGATTAAACTGCATGAATGTC,2
CCCCGAATAGTAGGAAGGGGCAGGTATGA,5
GTCGACCCCGTGGGCTCGCCTGCTCTCATAA,6
CCCAGTCGTTGCAGGTTTAACCCTGGCCAC,3
CAGCACGCCTAATCGACGCGATTAAGCGTT,2
ACCCCAGTCTATGAAGAGAATCACCGGGCA,4
GGGTCATCCCCATGGCGTGTCTTAGGCCC,7
CTCGGTGGGCTCCTTAATGCCCATATCCA,4
CAAGAGTTCTATTACCTACTATGCATGA,5
AGACCCTCCGGATCCGGCCGTAAGTATAGG,5
CCCAGTCGTTGCAGGTTTAACCATGGCCC,3
TATATTAGTAATAGTGAGCCCCGGGCCAGG,3
GCTATGCGAACACGATAACTCGTACGAGCA,3
CACTCTGCCAGCCGTCAGACATCAGACGT,2
GATGATCCACGCGCGATCGACGTAGATGG,5
CACGATACTTCCCGAAGATGTATGCTCCCC,4
GTCGACCCGGTGGGCTCTCCAGCTCCTAA,6
GTGGAGTTGGCTCTCCAATCGGGGCAA,3
ACTCATCGTATGCAGGTTGAACCATGGCCAAC,2
CTGGGGGGGGCTCGTTAATGCCCATATCGCA,3
TTTACAAAGCGGCCTACGTTCCAACGAGTGA,5
TGGAATTGTGACCACTCATCAGTCAGGAAGG,2
GTCATATCTTAGACTTAAACTGCTGAATGTC,2
CCGCAAAACCTCTACCTTAATTATGCAATCCT,4
ACCCCAGTCGATAAAGAGATCACCGGGCA,3
CCGCAAACTCTACCTTAATTATGATTCT,4
AGACACTCCGGAGCGGCCGTAAGTATAGG,9
TATCACTAGCATACCTCATCCTTAGGCCGG,10
GCTATGCGAAACGATACACTCGGTAAGTGCA,3
TATATTAGTAATACTGGAGCCCAGGGGCAGT,2
CTGGGTGGGCTCCTCTAAGCCCATATCCA,2
GCATGCGAACACGATAACTCGTACGTCA,3
AGACCTACGTGCACACGGTAGCAAGTCGG,2
TAATCAACTGATCATGCCTTACAGTACTG,6
ACCACGCCAGCGAAGGCGGCTCCATACTCCT,2
CCGCAAGAACTCTACCTTAATTATGATTCCT,4
TAGACCCTCCGGATGCGGCCGTAAGTATAGG,2
ACGCGTGGTGATTCTCAAGCATGTGTCCGA,4
AAAGTCTGTGTGGTCTCCGGTACTGGCGG,2
TGGGTGAAGCCAGAAGAATTTGGATCCGA,3
ACGAGTATGACATCTGTCGGGATATTACGG,3
TATGCCACTTTAGATCACGCCGATCATTCG,3
CTGTGTTCATCGGATCTTGAAACTCCATGGAA,2
ACATAAAACCACCCAAGGGATTTGTCGTTT,3
ACCCCAGGCGGACGTCGGCTGAGTCGTTTTT,3
CAAAGATAACCTGTAGTCATATGGCATCGT,4
AGAAGGCGTGCATAGACGTAAGGGCTTC,2
AAGCTATCAGCAGGTGGCATGCTATATA,2
CAACGATAACCTGTAGCCATATGGCTTCGT,2
GACGTTGCCGGGCTGGCTCAACGCAATCG,2
GTGACGCGTGAAGGTCAGTGCTGCGCTTTT,8
ACTAAGACCGCCCAAGGGATTTGTCGCTT,2
ACTGTCCAGAATTCGAGTCCTGTGGTTTG,2
CGTTAATATACTCGGGGATCCGCTAAATAG,10
TGTCTGGGTGCGGAATAGCTAGCGAAA,2
GGGGGCGTTTTCAACCCCAGTGTCTCTGGAA,4
ATTAGGAATCGCGGAGCGTAAGGACTTCC,2
TAAAGGACCGGATGATAACTTAGAGGTAT,3
GCACGCACACATTGGGACTCTTCAAGGGTTG,2
TGTGTTACGATAATATACCTAGGGGTATCTT,2
GGACCGTTTAGATTGGACTCATGACATCAG,4
CGCGCAGAGGCGGCAACTTTCGTTGTTGGCG,3
GACAAAAGGCTATGTGAAGAGTGGCGGTCGCT,3
GGGGGCGTTTTCAACACCCAGATGTCTCTGAA,4
GCACCCGCTGGTAATGAGGCGTCCATACA,2
CCGCGTGCCAGGCAGCGCCGACTTTAAACC,2
GTGAGCGCGTGAAGGTCCAGTCTGCGCTTTTT,2
CGTGTACTTCCATATTAAGTGCTCCTAGTT,3
CCGCGTGCAGCAGCGCCCGACTTCGAAC,5
CGTGTTACTTCCATATTAAAGTGCTCCTATT,5
TGTAATCCAAGTGGTTACTTTGTGTTATGCG,2
GTGACGCGTGAAGGTCAAGTCTGCGCTTTTT,2
TGACTTCCGACGCGGTCCCATAGAAGAATTAG,2
AGATACCTAGTAATCTCTTAAATCCCACA,4
TGCAATATTGACCGAGCATTTAACAGCCCGC,2
CGCACAAGGCGGCAACTTTCGTACGTGACG,4
TGAAATATTGACGGCTTTAACAGCCCGC,2
ACATAAAACCGCCCAGGGATTTGTCGTTT,2
CTGATAGGGGTGTATGCGTGATGTTTCTTT,7
CGTGTACTTCCATATTAAAGAGCTCCTAT,2
ACGGCAATAGGTAACATTACTTCCCGATACA,3
CGTTAATATACTCGGCGATCAGCTAAATAG,5
CACAAATGGCTATTGAAGAGGGCGGTGGCT,2
CAACGATAGCCTGTAGTCATATGGCATCT,2
GGGACGCGTGAAGGTCAGTCTACGCTTTTT,2
ACATAAGACCGCCCAAGGGAAATTGTCGTTT,3
ATTAGAATCTCGGAGCGTGAAGGACTTCC,2
ATGCGGCACCCTTCGAAAGTCTTTCGACT,3
CGGTCCCAGTTGCTTGGGCAGCGTCCATA,5
CAGGTCAATAGGTACCATTCGTCCCGATACA,6
CGACAGCCCGAAAACCGGAGTATTCTCTCTG,3
CGAATCTTTAATAGCGCTTGCCAATCGTAC,2
CTGTCCGGAACTCGAGTCCTGCGGTATTG,2
TAAAAGGACCGGATAATGAACTTACGACGAAT,2
GTGACGCGTTAAGGTTCAGTCTGCCGCTTTTT,3
CGTGATACTCACATATTAAAGTGCTCCTATT,2
CAGTTGTGCTAGGCAAAAAAGCAGTGAC,3
ACTGTCCAGAACTCGAGTCTCCGGTATTG,2
CGGTACCCATTTGCTACGGGCTAGCGTCGATA,2
CAGCGTGCCAGGCAGCGCCGACTTCAACC,3
GGGGGCGTTTTCAACGCCCAGTGTACTCTGA,2
GACGTTGCCGGGCCTGGTTCAGACGCAATCG,5
GGGGGCGTTTTCAACCCCAGTTCTCTGAA,2
GACTAATGGCATTGAAGAGGGACGGTGGCA,3
GTGACGCGTTAAGGTTCCAGTCTGCGCTCTTT,3
TAAAAGGACCGGATAATAACTTAGAGTAT,2
TGCGCGAAGCCTGCCCGTCATCGGCGATTG,2
TAACTGCAAAACTTGTAATCTGTCCATACC,6
ACCCCAGGCGGACGTCGGCTGAGTCTTTGTT,2
TGACTTCCGCCCGGTCCCATGCAGAATTAG,2
ACATAAGACCGCCCAAGGGAATTTCGTCGTTT,3
ATTAGGAATCTCGAGCGTGAAGGACTTCC,2
TAAAGGACCGGATATAACTTAGACGTA,2
ACGGCAATAGGTACCATTCTTCCCATACA,2
TGGTCCGGTGAACGAGATTCGTAGATGTT,2
ACTGTCCAGACTGGAGTCTCCGGTATTG,3
GTGACGCCTTAAGGTTCCAGTCTGCGCTTTTT,9
GCGCGTGCCAGGCAGCGCCGACTTCAAACC,3
AACGTTGCCGGGCCTGGTTCAACGCAATCG,4
GGGGCGTTTTCAACCCCAGTGTCTCTGAA,6
TCGAGCGTTGAAGAGAGTACGTCCATTAC,2
GCGGGGCGTTTTCAACCCCAGTGTCTCTGAA,3
TGACAATATTGACGAGACTTTAACAGCCCGC,2
TGAAATATTGACGAGCTTTAAACAGCCCGC,2
GAATCTTTTAATAGCGACTTGCCATCGGATAC,2
AAGCTATCAGCAGGCTGGCATCTATATA,8
GCAGCACACATGGGACTCTTCATGGGTTG,3
ACATAAAACCCCGCCCAATGGATTTGTCGTTT,3
GTGAGTCGCCGTTGAGGTTCTGCCGTGCCA,3
GGGGGCGTTTTCAACCCCAGTGTCTCTGAC,2
AAGCTATCAGCTAGGCTGGCACGCGATATA,7
ACCCCAGGTGGACGTCAGCTGAGTCCTTTC,2
TGTGTACGATTGTAACCTAGGGGTATCTT,2
CGTGTACTCCATATTAGAAGTGCTCCTATT,5
GTGGGCGTTTACAACCCCAGTGTCTCTGAA,2
TGTGTTACGATTATAACTAGGGGTATCTT,2
ATTAGGAATCCGGAGCGTGAAGAACTTCC,8
GAATCTTTAATAGCAACTTGCCATCGGTAC,2
ACATAAAACCGCCCAAGGGAATTGTCGTTT,4
GACGTTGCGGCCTGGTTTAACGCAACG,2
TAATAGGACCGGATAATAGCTTAACGTA,3
CAACGATAACCTGTAGTCATATAGCTTCGT,4
ACATAAAACCGCCCCAAGGAGATTTGTCGTTT,2
TTACTTCCGCGCGGTCCCATGAAGAATTAG,3
TGCGCGATGCCGCCCGTCCATCTGCGATTG,3
AGATACCTAGTAGTCTCTTAAATCCCACA,4
AGGAGGCGTGCATAGACGTAAGGGGCCTTC,4
TCGCTGGGTGCGGAATAGCTTAGCGAAA,2
GAATCTTTTAATAGCGACTGCCATCGGTAC,3
GTGACGCGGGAAGGTCAGTCGCGCTTTTT,2
TGTATATCACAGTGGTTACTTTCGTTATGCG,2
GTGATGCGTGAAGGTCAGTCTGCGCTTTTT,5
GATACCTAGTAAGTCTCTTAAATCCCACA,4
TTCTGCAAAACTTGTAATCTGTCCATACC,2
GTGACAAATCTCGTCCTGGTTGGCTCAAAAG,2
GACAAATGGTACTGAAGAGGGCGGTGGCT,2
GGTACTTTTACCAGGTAAGAAACAGCTGAA,4
CTATGTGACCGTTGTTGATTGCGGTCGTT,2
TAAAAGGGCCGGATAATAACTTAGACGTAT,3
AATCTTTAATAGCTACTTGCCATCGGTAC,2
TGTAATCCAAGTGGTTACTTTCGTTAGCG,2
ACGTTGCCGGGCCTGGTTAACGCAATCG,8
CTCGTCTGGGTGCGGAATAGCTTAGCGAAA,2
GGACAAATCAATTCACTAGTTGGCTCAACAAG,2
TGTAATCAAGTGTTACTTTCGTTACG,2
ATTAGGTATCTCGGAGCGTGAAGGACTTCC,5
GAATCTTTTAATAGCGACATTGCCATCGGTAC,2
CCGCGTGCCAGGCAGCGCCGACTTCAAAC,2
CCCTCGAAATCAGCGAGCAGTATCACCCTT,2
AGACGTTCTGCTTCTCCTCGTGTTAATGA,8
GGACAAATCTCGTCCTAGTTGGTCAAAAG,2
GGGGGCGTTTTCATACCCCAGTGTCTCTGAA,4
CGACAGCCCGAAAACCGGAGTATCCCTCTG,3
GTGCGGCACCCTTCGAAAGTCTTCGACT,5
TAAAGGACTCGGATAATAACTTAAGACGTAT,4
GACAAATGGCTCTTGAAGAGGGCGGCTGGCT,2
GTGACTCGTTAAGGTTCAGTCTGCGCTTTTT,3
TGACTTCCGCGCGGTCCCATCGAAGAATTAG,2
TGCGCGATGCCTGCCCGTCACCGGCGATTG,4
TGCGCGATAGCCTGCCCTTCATTCGGCGATATG,2
AAGCTATCAGCTAGGCTGGCATGCTAATA,2
AGGGCACCAGGTACCATTCTTCCCGATACA,3
CAACGAATAACCTGTAGTCATATGGCATCGT,4
CGTGTACTTCCATATTAAAGTGCATCCTATT,2
GTGACGCGTGAAGGTCAATCTCGCTTTTT,2
GCACCCGCTGGTAATTAGGCTGTCCCATACA,3
TTGTTACGGATTATAACCTAGGGGTATCTT,2
TGTATTCCAAGTGGTTACTTTGCTTATGCG,2
GTGATGCCAAACCGTAGCTAGGTGGCGAAT,2
GCGTGTACTTCCATATTAAAGTGCCTCCTATT,2
ATGTTAGGGAAAGATATACCGTTAGGACAG,6
TGACCTTCCGCGCGGTCCCATGAAGAATTAG,2
GACGTTGCCGGGCCTGGTTCAACGCCATCG,3
TCGTCTGGGTGCGGAATAGCTTTAGCGAAA,2
CGCGTGCAGCAGCGCGACTTCAAACC,2
TATCTGCTAAAACTTGTAATCAGTCGGATACC,3
TCCGAGCGTTAAAGACGAGGTACGTCCATTAC,2
GATTTCTCACCGAGCGGTACTGTACACACT,8
AAGCTAATCAGCTAGGCTGGCATGCTATATA,2
GCACCGTTTCGGTTGGATCATGACATCTG,4
CGCGCGTGCCAGGCAGCGCCGACTTCAAACC,2
GGACAAATCTCGTTCCTAGTTGGCTCAAAAG,2
AAGCTATCAGCGTAGGCTGGCATGCTATATA,3
TATCTTCAAAACTTGTAATCTGTTCATACC,3
CGTACCCAGTTGCTTGGCAGCGTCCATA,2
TAGGGGACCAAAACACTTGAAAATACTCT,2
CCCCCGAAATCAGCGAGCAGTATCACCCCT,3
ACCCCAGGCGGACGTCGGCTGAGTCTTT,2
GGTGGCGTTTTCAACCCCAGTGCTCTGAA,2
TGACAATATTTCGAGCGTTTAACAGCACCGC,3
GGAATCTGTAATTGCGACTTGCCATCGGTAC,2
TGACTGTCCGCGCGGTCCCATGAAGAATTAG,2
GAGACGTTCGGCTTGTCCTCGTGTTAATGA,4
AGATACCAGTAAGTCTCTTAAATCCCACA,3
AGATACCTAGTAAGTCTCTTAAATCCACA,4
TAAAAGGACCGGATAATAACTTAGACGTTT,3
GACAAATGGCATTGAAGAGGGACGGTGCGCT,2
TCGGTCTGGGTGCGGAATAGTCTGAGCGAAA,2
ACGCAATAGGTACCATTCTTCCCGATACA,3
ATGTTAGGGAAAGATATACTCTTTAAGACAG,4
TATCTGCAATAACTTGTAATCTGTCCATACC,3
ACATTAAGACCACCGCCAAGGGAATTTGTCGTTT,3
GTGACGGCACCGTTCGAAAGGTCTTTCGACT,3
ACTGACCAGGAACTCGAGTCCTGCCGTATTG,3
TGGGGGACCATACAAGCTTAAAATTCTCT,6
GGGACAAATCTTTTCCTAGTTGGCTCAAAAG,3
CAGGGCAATAGGTACCATTCTTGCCGATACA,2
TGACGTTGCCGGCCTGTTCAACGCAATCG,5
GTGAGTCGCGGCTGAGCTTCTGCCGTGCTA,3
AGACGTTCGGCTTCTCTCGTGTTAATGA,2
TGACTTCCGCGCGGTCCCATGAAGAATAG,2
GCAATGATCCACGCGCGATGCGACGTAGATGG,2
TGGATTGTGACCACTCAGCCAGTCAGGAAG,2
GTGGGAGCTTAGTCTATCCAATCGGGGCAA,2
CTAGTCACCAGGAGTAATCGCCTCTTTAA,2
ACCCCAGTATATAAAGAGAATCTCGGGCA,2
AATATCTGTGTGGTCTTCGGCACTGGCGG,3
GCACGATCCACGGGCGATCGACGTAGATG,2
CAAAGAGATCTTTATTACCTACTATCGCATGA,4
GGGCATCGGATGTCCCTATTGTTGTGAAT,3
TGCCGCGGATGTCTAGAAAGGTCACTGGA,6
CACGATACTTCCCGAGATGTATGCTTCCC,4
CAAGGGCGCACCGGACATCTCAGCCACCTT,3
AGACCCTCCGGATGCGGCGGTAAGTATAGG,6
CCCAGTCGTTGCAGGTTTAACATGGCCAC,2
CCGCAAAACTCTACCATAATTATGATTCCT,3
CATGCCCCTTCCTGGAGTGGATAACCATCG,2
GCATGATCCACGCGCGATCGACGTAGATGC,5
TTGCCACTTTAAATTCATGCGACCATTTCG,2
TATGCCACTTTAAATCATGCGATCATGTCG,2
GCATGATTCACGCGCTATCGACGTAGATGG,2
AGCCTTCAGAAGTTTTAGGATACCAGCGCTT,4
ACCATGCATTGTGTACTCGTATCCGCCTA,2
AGACCCTCCGGATGCGGGGCGTAAGTAAAGCG,2
GGGCATCGGGATGTTCCTATTGCTTGCTAAAT,2
CAAAGAATCCTTATTACCTCTACTGCATGA,2
GTCAATATTAGATTAAACTGCTGAATGTC,2
AGCTAGCTTAGCTCTGTGAACAAGAAGGAAG,2
CCCCTGAATAGTAGGAAGGGGCCATGTATAA,3
AACCCGCCAGCGAAGGCGGCTCCATCTCCT,3
CATTGGCCAAAATTCAGATCGGACTGTAG,3
GCATGATCCACGCGCGATCGAACGTAGATGG,3
AGACCCTCCGGGTGCGGCCGTAAGTATAGG,2
ACCCCAGTCTATAAAGAGAATCTCGGGTCGA,2
GGCATATATTAGATTAAACTGCTGGATGTC,2
CTGCGTTTACAGTCCCGAGTCGTACAAGGAA,2
CAGCACGCCTAATCGACGCGATTAATAGTT,2
GTGGGGGCTTAGGCTATCCAATCGGGGCAA,2
ACCACGCATTGTGCTACTCGTACCCGCCTA,4
AGCCTCCAGAAGTTTTAGGATACCAGCGCTT,3
GCTATGCGAACACGATAAGTCGTACGTGGA,4
TCTAACGTAGGTCGCCCAACACTAGGATGG,2
CACGCGTCGCCTAAGGCCGGAAGGGTTGTC,2
ACCCCAGTCTATAAAGAGAATCTCGGGTCA,2
TGGGTAAGACAGAAGAATTTTGATCCCGC,2
CTGGGGTGGCCTCCTTCATGCCCATATCCA,2
CACCGATACTTCCGGAAGATGTATGCTTCCC,3
GCGCCATTAGGCGCCAGGAGGTAAATACGT,2
ACCATGCATTGTGTACCGTCACCCGCTCTA,2
CTAGTCACCAGGAGTCATTCGCCTCCATAA,3
CATTTGTACCAAAATTCAGATCGGACTGTAG,3
TGCCGCGGATGTCTAGAAAGTCAGCTGGA,2
GGGCACGGGATGTCCCTATTGCTTGTGAAT,5
AGACCCTCCGGATGCCGCCGTAAGTATAGG,6
TATATTCAGTAATAGTGAGCCCCGGGGCAGG,2
TGGGAAAGCCAGAAGAATTTTGGTCCCGC,3
CTTGCGTCTGCGTCCCGAGTTGTACGAGGAA,3
AACCCCAGTCTATAAAGAGAATCTCGGTCA,2
CCCATGAATAGTAGGAAGGGGCCAGGTATAA,4
TGGGTAAAGCCAGAAGAATTTTGTTCCCGC,3
GTGGGAGCTTAGGCTATCCAATCGGGGCGAA,2
AGACCTACGTGACACGCGGCTGCAAGTCGG,2
CACGCGTTGCCTAAGACCGGAAGGGTTGTC,2
GGTGCATTCTAAAGCGATCCTCAGAAGGCC,4
CTAGTTCACCAGGAGTACATCGCCTCCTTAA,2
GACTCTGCCAGCACGTCAGACATCAGACGT,3
TGGATTGTGACCACTCAGCAGTTAGGAAG,3
CACGCGTAGCTAAGGCGGAAAGGTTTTC,2
TCTAACTTAGGTCGCCCAACACTATGATGG,3
CAAAGAATCCTTATTACCTCCTATGCATGA,3
CATTTGGCCAAAAATTCAGATCGGACTGTA,2
GAACCAGAGTGTGCAATTGAGAGAGTATAG,2
TACGCGTTGCCTAAGGCCGGAAGGGTTGTC,3
CCGCAAACTCTACCTTAATTATGATTCCT,3
GCCTATGCTAACACGATAACTCGTACGTGCA,2
CTGTATTTGGGTATTGGACGCAGTCTATACG,2
TATGCCACTTTAAATTAATGCGACCATTCG,2
TATATTAGTAATAGTGAGCCCAGGGGCAGG,2
CATTTGGCCAAAATTCGCATCGGATTGTAG,3
GCTATGCGAACACGAGAACTCGTACGTGCA,5
CAGCACGCCTAATCGAAGCGATTAAATCGTT,3
AGACACTCCGGATGCGCCCGTAAGTATAGG,2
CCCCTGAATAGTAGGAAGGAGCAGGTATGA,4
CCCACGCTCGTTCAGGTTTAACCATGGCCAC,2
TGGATTGTGACCACTCAGCAGTCAGCAAGG,2
GTGGGAGCTTAGGACTATCCAATCGGGGCAA,3
CAAAGAACCTTATTACCTATCTATGCATGA,5
ACCACACTCTATAAAGAGAATCACCGGGCA,3
TTGAAAGCGGCCTACGTTCCAACGAGTGA,2
ACGGTACCAACGCCAGGACAAGTGCGGTCGA,2
TGGGTAAAGCCAGAAGAATTTTGAACCCGC,2
AAACCAGAGTGTGCACTTCAGAGAGTACAG,2
CCCCTGATAGTAGGAAGGGGCCAGTATAA,3
CCGCAAAACTCTACCTTAATTATGATTCAT,2
GCTGATTCACGCGCGATCGACGTAGATGG,3
TGCCGACGGATGTCTAGAAAGGTCAGCTGGA,2
CCGCAAAACTCTACCTTAAGTATGAATCCT,3
AGCTAGTTTTAGCTCTGATGACAAGAAGGAAG,2
AGACCTAAGTGACACGCGGCAGCAAGTCGG,4
ACCACGCCAGCGAAGGCGGCTCCATACGCT,2
GTTGAAAGCGGCCTACGTTCCAATGAGTGA,2
TGGGTAAAGCCAGAAGATTTTGATCCCGC,5
GCTATGCGAAACGATAACTCTACGTGCA,4
TATATTAGTAATAGTGGAGCCCAGGGGCAG,6
GCATGATTCACGCGGATCGACGTAGATGG,3
TTCTAACGTAGGTCGCCCAACACTATTATGG,3
TTGGAAAAGCCGGCCTACGTTCCAACGGTGA,2
AGACCTACGTGCACACGGCAAGCAAGTCGG,3
ACAAGTATGACATCTGTCGGACATTACGG,2
ACAAGTATGACATCTGTCGGTGACATTACGG,3
CCCAGTGCGTTGCAGGTTTAACCATGGCCAC,2
ACCATACATTGTGTACTCCGTCACCCGCCTA,2
TCTAACGTAGGTAGCCCAACACTATGATGG,3
TGGGTAATAGCCAGAGAATTTTGATCCCGC,2
CCGCAAAACTCTGCCTTGATTATGATTCCT,2
AATAGTCTGTGTGGTGTTCGGTACTTGCGG,4
CCGCAAAACTCTACCTTAATTATTATTCCT,5
GGTAGCAGCCGTGACGGTTGTAGGAAGTCG,5
TGGGTAGCGCAAGAAGAATTTTGATCCCGC,3
CCCCTGAATAGTAGGAAGGGGCAGGTATGAA,2
TATGCCACTTTAAATTCATGCCGATGCATTCG,5
CCCCTGAATAGTGGAAGGGGCAGGTATAA,3
GGTACCAGCCGTGACGGTTGTAGGAAGTCT,5
GCATGATCCACGCCCGATCGACGTAGATGG,3
CCATGCGAACACGATATCTCGTACAGTGCA,4
CCCCTGATAGTAGGAAGGGGCCCAGGTATAA,3
TCTAACGTAGGTCGGCCAACACTATGATGG,3
CCGCAAAACTCTACCCTTAATTATGATTCCT,5
GCATGATCAACGCGCGATCGACGTAGATGG,4
GGTAGCAGCCGTGACGGTGTAGGAAGTCT,4
TAGCCTCGAAGTTTTAGGATACCAGCGCTT,2
GAACCAAAGTGTGCACTTGAGAGAGTACAG,4
CAAAGAATCCTTATTACCTACTATGCTATGA,3
GGTAGCAGCCTGACGGTTGTAGGAACGTCT,2
GTATATCTTAGACTTAAACTGCTGAATGTC,2
GTCGACACCGTGGGCTCCCAGTCTCATAA,4
AGACTCCTCCGGATGCGGCCGTAAGTATAGG,4
ACCGGTACCAACGCAGGACAAGTGCCGGTCGA,5
TGGATTGCGACCACTCAGCAGTCAGGAAGG,4
ACCCCAGTCTATAAAGAGACTCACGGGCA,2
GGTAGCAGCCGTGACGGTTGTAGGAAAGTCT,2
GTCGACCCCGTGGGCTCGCCAGTCACATAA,3
AAACAGAGTGTGCACTTGAGAGAGTACA,2
CAAAGAATCCTTATTACCTACTAGCATGA,7
GGGTCATCCCCATGCGCGTGGCTTTGGCCCC,5
AGCCACAAGAAGTTTTAGGATACCAGCGCTT,2
TTGAAAAGCGGCCTACGTCCAACGAGTGAA,5
GGGTCATCCCCATGTGCGGTGTCTTAGGCCC,5
GGGCATCGATGTCCCTATTGCTTGTGAAT,2
CCCCTGAATAGTAGGAGGGGCAGGTATAA,4
GAGCATCGGATGCCCTATTGCTTGTAAAT,2
TCTAACGTAGGTCGCCAACACTATGATGG,2
GGGTCATCCCCATGTAGCGTGTCTTAGGCCC,2
AGACACGTCCGGATGCGGCCGTAAGTATAGG,3
GGTAGCAGCCGTGACGGTTGTAGGAGTCT,4
GTCGACCCCGTGGGCTCTCCAGTGTCATAA,2
AATAGTCTGTGTGGTCTTCGGTAGCTGGCGGG,3
TCTAACGTAGGTCGCCCTACACCATGATGG,4
GGTAGCAGCCGTGACGGTTGTAGGAATCT,3
TTGAAAAGCGGCCTACGCTCCAACGAGTGA,3
CTGCGTTTACGTCCCGAGTTGTAGAAGGAA,2
AGCCACGCCTGCGAAGGCGGCTCCATACTCC,2
CCCCTGCATAGTAGGAAGGGGCAGGTATAA,2
GCTATGCGAACACGATAAACTCGTACGTGCA,4
CAAAGAGACCCTTATTACCTACTATGCATGA,3
GTAATATATTAGACTTAAACTGCGAATGTC,6
CATGCCCCTTCCGGGAGTGGGTAACCATGCG,2
AGACCTACGTGACACGCGGGCAGCAAGTGG,3
AGCTAGCCTAGCTCTGTGACAAGAAGGAAG,3
TGCCGCGGATGTCTAGAAAGGCCAGCTGGA,2
AGCTAGCTGTAGCTCTGTGACAAGAAGGAAG,2
GTGGGACGCTTAGGCTATCCAATCGGGGCAA,3
TCCGTCTTATCTAGGGATAGGAACATCCGA,2
AGACCTACGTGACACGCGGCAGCTAGTCGG,3
GGTAGCAGCACGTGACGGTGTACAAGCGTCT,2
CTAGTCACCAGGAGAAATTCGCCTCCTTAA,3
GCTTGGAAGATACGAGCTGGGAGCTTCGTC,2
ACGAGCTGCCTAACATTTGATGTGTGAGCG,2
TATCAACTAGCATACCTCATCCTTAGACCGG,4
GCTATGCGAAACGATACACTTGTACGTGCA,2
TGGGTAAAGCCAAAGAATTTGATCCCGC,3
ACGGTACCTAACGCCGGACAGTGCGTCGA,2
ACCCCCAGTCTATAAAGAGAATCACCGGGA,3
AGCATGATTCACGCGCGATCGACGTAGATGG,7
CTGTATTTGGTATTGGACCAGTCTCTACG,4
CAGGGCGCACTGGACAAATCAGCCACCTT,3
GTCGACCCCGTGGGCTCTCCATCTCATAA,2
GTGGGAGCTTAGGCGATCCAATCGGGGCAA,2
CACGATACTTCCCCAAGATGTATGCTTCCC,2
CACTCTGCCAGCACGTCAGACTCAGACGT,2
GTGGGAGCTTAGGCTATCCAATGGGGCTA,2
TAGACCCACCGGATGCGGCCGTAAGTATAGG,2
CCGCAAGAACTCTACCTTAATTATGATTCCC,3
CACGAATACTTCCCGAAGATGTATGCTTCCC,5
GGGCATCGGTTGTCCTTAGCTTGTGAAT,6
GCTATGCGAACACGATAACTCGACGTGCA,3
AATAGTCTGTGTTGGTCTCCGGTACTGGCGG,2
GTCCGACCCCGTGGGCTCTCCATCTCATAA,5
GGCATCGGATTCCCTATTGCTTGTGAAT,3
GGTCCTACGTGTCACGCGGCAGCAAGTGG,2
AGACCCTCCGGATGCGGCCGTAAGTATTGG,2
ACCCCAGTCTATAAAGAGTATCACGGGCA,4
CAGCAGCCTAATCGACGCGATTAATCGTT,2
AATAGTCTTGTGTGCTCTTCGGTACTGGCGG,3
GCATGATTGACGCGCTATCGACGTAGATGG,4
CACCATACTTCCCGAAGATGTATACTTCC,5
GCTATGCGAACACGATAACTCGTCCGTCA,7
TGCCGCGGAATGTCTAGAAGGTTCAGCTGGA,3
TTGAAAAGCGAGCTACGTGTCCAACGAGTGA,2
GGGTCATCCCCATGTGCGTGGTTAGGCCC,3
CCGCCAAACTCTACCTCTAATTGATGATTCCT,3
GAGAGTCGCCCTTGAGCTTCTGCCGTGCCA,2
ACTGTCCAGAACTCGAGTCCTGCCGGTATTG,2
AAAAGGACCGGAATAATAACTTAGACGTAT,2
AAGCTATCAGCTAGGTGGCATGCTATAA,2
ACCCCAGGCGGACGTCGACGTGAGTCTTTTT,4
GCAAGCACACATTGGGCCTCTTCAAGGGTTG,4
GTGACGCGTTAGGTTCAGTCTGCGCTTTTT,3
ACTGACCAGAGCTCGAGTCCTGCCGTATTG,2
AGCTTTCAGCTAGGCTGGCATGCTATATA,2
ACATAAAACAGCCCAAGGGATTTGTCGTTT,4
AGAAGGCGGTGCATAGCGTAAGGGGCCTTC,2
ACCCCGGGCGGACGTCGGCTGAGTCTTTTT,2
ATGTTAGGGAAAGATACACTCTTAAGACAG,5
CTGATGGGGGTGTATGCGTCATGTTTCTTT,2
TAGGGGCCCATAACAGCTTAAAATTCTCT,3
TGAGAATATTGACGAGCTTTAACAGCCCGC,2
TAAAAGGACCGGATAATACTTAGAGGGTAT,2
GTGACGCGTGAAGGTCAGTTGCGCTTTTT,2
ATTAGGAACTCTCGGAGCGTGACAGGACTTCC,3
AACGTTCGGCTTCTCCTCGTGTTAAAGA,2
CAACGTAACCTGTAGTCATATGGCTTCGT,2
AGATACCTAGTAAGTTCTTAAATCCCACA,2
TGGGGGACCATAACAAGCTTAAAATTTCTCT,2
CGTTAATATATCTCGGCGATCCGCTAAATAG,3
GTGCGCCACCCTTCGAAAGTCTTTCGACT,2
GGTACATTTCCAGGTAAGTAACAGGTGAA,2
GACGTTGCGGCCTGGTTTAACGTCAACG,12
TGTGTTACGATTACATAACCTAGGGGTTCTT,2
TCCGACGCGTTAAAGAAGAGTACATCCATTAC,2
TAAAAGGGCCGGATAACAACTTAGACGTAT,2
GCACCCGCTGGTAATGACGGCGTCGCATAGA,2
TGACAATATTGACGAGCCTTTAACAGCCCGC,3
GTGACGGTGAAGGTCAGTCTGCGCTTTTT,2
GTGACGCGGGAAGGTCAGTCGGCGCTTTTT,4
TAGCTGCAAAACTTCTAATCTCGTCCATACCC,5
GACGTTGCCGGGCCTGGTCAACGCAATCG,3
CCCGCGGTTTGCTGAAAACGTGATACGGA,3
GACAAATGGTACTGAAGCAGGGCGGTGGCT,3
GGGACTTTTACCAGGTAAGAAGCAGGTGAA,3
AGACGTTCGGCTTCTCCTCGTGTTGATGA,3
GGACAGATCTCGTCCTAGTTGGCTCAAAAG,2
CAGTTGTGGCCAGGCAAAAAAAGCAGTGACC,2
TATCTGCAAAACTTGAATCTGTCGATACC,5
TCCGGCGTTAAAGAGAGTACGCCATTAC,3
AAGCTATCAGCTAGAGCTGGCATGCTATATA,2
GTGACGGCACCCTTCGAAAGGCTTTCGACT,3
GCACCGTTTGGGTTGGACTCATCACATCTG,2
AAGCATATCAGCTAGGCTGGCATGCTCATATA,3
TCCGAGTCTTAAAGAGAGTACGTCCATTAC,3
TGACAAATATTGACGAGCTTTGAACAGCCCGC,2
AGAAGCCGTGCATAGACGTAAGGGGCCTTC,4
AGATACCTAGTACGTCTCTTAAATCCCACA,3
TGACTTCCGCCGCGGTCCCATGAAGAATTAG,2
TAATAGGGCCGGATTATAACTTAGACGTA,2
TGAGAATATTGACGAGCTTTAAACAGCCCGC,3
TGACAATATTGAGGAGCTTTAACAGCCCGC,2
GACCGTTGCCGGGCCTGGTTCAACGCAATCG,3
TGACTTCGCGCGCGGTCCCATGGAAGAATTAG,2
ATTAGGAACTCTCGGAGCGTGAAAGGACTTCC,4
CGCACAAGCGGCAACTTTCGTACGTGACG,7
GAACGAATAACGTGTAGTCATATGGCATCGT,4
AGGACGTTCGGCTTCTCCTCGTGTTAATGA,2
GACTGTTGCCGGGCCTGGTTCAACGCAATCG,3
AAGCTATCAGCTAGGCTGGCATGCTATATAA,2
CCCTGTGTTGGTGTTACGAATATATCAAAT,2
CAACGATAACATGTAGTCATATGGCTTCGT,2
CGGTGCCCAGTTGCTATGTGCTAGCGTCGATA,2
AAGCTATCAGCTAGGCTGGCATGCTAATATA,3
TAACTTCCGCGCGCTCCCATGAAGAATTAG,2
CAACGATAACCTGTAGTCATATGCTTCGT,2
GATTCTTCACCGAGCGTGTACTGTACACCGCT,3
ACCCCAGGCGGACGTCGGCTGAGTTTTTT,2
GGGGGCGTTTTCACCCCAGTGTCTCTGAA,2
AAGCTATCAGCTAGGCGGCTTGCTATATA,3
AGAAGGCGTGCATAGACGTGAAGGGGCTTC,2
AAGCTAATCAGCAGGCTGGCATGCTATATA,2
TACGTTCGGCTTCTCTCGTGTTAATGA,4
ATGTTAGGGAAAGATATACTTTAAGACAG,2
CGGTACCCAGTTGCTTGGGCAGCGTCCAA,3
AACGTTCGGCTTCTCCTCGTGTTATGA,2
TGTAATCCAAGTGGTTACTTTCGGTATGCA,2
CAACGATAACCTGTAGTCATATGACATCGT,2
GGACAAATCAATTCACAGTTGGCTCAACAAG,2
GGGGGAGTGTTCAACCCCAGTGTCTCTGAA,2
ACTGTCCAGAACTCGAGTCCTGCTGTATTG,2
ACCCCCGAAATCAGCGAGCAGTATCACCCTT,3
CGTTGATATACGCGGCGATCCGCTAAATAA,6
ATTAGGTATCCGGAGCGTGAAGGACTTCC,2
CGGTACCCAGTTGCTATGTGCTAGCGTCTGATA,2
CAACGATAACCTGTAGTCATATGGCATCG,2
ATGTTAGGGAAAGATATACTCTTGAGACAG,2
GTGACGCGTGAAGGTCAGTTCGCTTTTT,2
ACCGCGTGCAGCAGCGCCGACTTCAAACC,5
TGGGGGACCATAACAATCTTAAAATTCTCT,2
GGACAAATCTCTTCCTAGTTGGCTAAAAG,2
CTGATGGGGGTGTTTGCGGGATGTTTCTTT,2
TAAAAGGACGGGATAATAACTTAGACGTAT,3
ACGGCAATAGGTATCCATTCTTCCCGATACA,2
CAGTTGTGGCCGGCATAGAAAAGCGTGACAC,2
ACTGTCCAGAACTCGAGTCCTCCGGTCATTG,2
TGCGCGATGCCTGCCCGTCTTCTGGCGATTG,2
AGAAGGCGTGCAGAAGACGTAATGGGGCCGTC,4
GACGTTGCCCCGGCCTGGTTCAACGCAATCG,2
AGATACTTAGTAGAGTCTTAAATCCCACA,3
GGCAAATCTCATCCTAGTGGCTCAAAAG,6
TAGGGGACCGATAACAACTTAAAATTCTCT,2
CGTTAATATACCGGCGATCCGCTAAATAG,3
ATTAGGAATCTCGGGGCGTGAAGGACTTCC,3
AGGAGGCGTGCATATACGTAAGGGGCCTTC,2
ATTAGGAATCTCGGACGTGAGGACTTCC,2
TATCTGCAAAACTTGTAATACTGTCCATACC,3
TCCGGCGTTAAAGAGAGTACGGTCCATTAC,2
GGTACTTTTACCAGGTAAGAAACAAGGTGAA,6
CGCGTGCATCAGCGCGACTTCAAACC,5
TATCTGCAAAACTTGTAATCGTCCATACC,5
CGGTTACCCAGTTGCTTGGGCAGCGTCGATA,2
CATGATGGGGTGTATGCGTGATGTTTCTTT,3
AAGCTAATCAGCTAGGCTGGCATACTATATA,4
GTGACGCAGTGAAGGTCAGTCTGCGCTTTTT,3
ACATAAAACCGCCTAAGGGATTTGTCGTA,2
AGAAACCTAGTAAGTCTCTTAAATCCCACA,3
TAAAAGGACCGGATAATAACCTAGACGTAA,2
CCCTGTGGTGGTGTTAGGAATATATCAAAT,2
AGGGCAATAGGTACCATTCTTCCGATACA,3
TAAAAGGACCGGATAATAACTTAGAGTTAT,2
TAAAAGGACCGGATAGTAAACTTAGAGGTAT,2
GTGACGCCAAACCGTAGCTAGGTGTCGCAT,2
GGACAAATCTCATCTTAGTGGCTCAAAAG,3
ACCCCCAGGCGGACGTCGGCTGAGTCTTTTT,3
AGAAGCGTGCATAGACGTAAGGGGACCTTC,4
GGTGGCGTATTCAACCCCAGTGTCTCTGAA,2
CGAACGTAAGATAAGTCTTCTCCAGCCCCG,3
GACGTTGCCGGGCCTGGTTCTACGCAATCG,3
CGGTACCCCGGTTGTTGGGCAGCGTCCATA,2
TGACAATATTGACGAGCTTTAACAGCACGC,3
ATCCCAGGCGGACGTCGGCTGAGTCTTTTT,3
ACCCCTGTGCGGACGTCGGCTGAGTCTTTTT,2
TATCTGCAAAACTATGTAATCTGTCCATACC,7
ACTGTCCAGAACTCGGTTCTGCGGTATTG,3
TATCTGCAAAACTTGTATCTGTCCATACC,6
TAGGGGACCAAAACACTATGAAAATACTCT,3
AACGATAGCCTGTAGTCATATGGCATCGT,2
GTGACGGTTAAGGTTCCAGTCTGCGCTTTT,2
ATTAGGAATCTCGAGCGTGAAGGACTCC,2
CCACGCGGTTTGCCGAAAACGTGAACTGGG,2
TGCGCGATGCCGGCCCGTCATCGGCCATTG,3
GTGACGCGTTAAGGTTCAGTCTGCCTTTTG,2
CAACGCTAACCTGTAGTCATATGGCATCGT,2
AGACGCTCGGCTTCTCCTCGTGTTAATGA,2
CAACGAAACCTGGAGTCATATGGCATCGT,6
GGACCGTTTAGATTGAACTCATGATCACTG,2
AGAGCGTGCATAGACGTAAGGGGCCTTC,5
AAGCTATCAGCTAGGCTGGCATTCTATATA,2
GGACAAATCTCGTCCTAGTTGCTCAAAA,2
CGTATGTGACCTGTTTTGATTCGCGGTCGTT,2
TTGGGGGACCATAACAAGCTTAAAATTCACT,2
ATTATGAAATTTCGGAGCGTGAAGGACTTAC,2
TATCTGCAAAACTTGTAATCTTGTCATACC,2
TCCGAGCGTTAAAGAGGTACGCCATTAC,4
AACGTGCCGGGCCTGGTTCAAGCAATCG,3
TGGGGGACCATACAAGCTTAAATTCTCT,4
GTGACGCGGTTAAGGTTCAGTCTGCGCTTTTG,2
TAAAAGGAGCGGATAACATCTTAGACGTAT,4
GTGACAAATCTCGTCCTAGTATGGCTCAAAAG,2
GTGACGGCACCCTTCGAAAGGTCTTTCGATT,2
GAATGTTTTAATAGCGACTTGCCATCGGATAC,3
TGGGGGACCATAACAAGCTTAAAATTATCT,2
GAACGAATCAACCGTAGTCATATGGCCTCGT,2
GTGACGCGTTGAAGGTCAGCCGCGCTTTTT,2
GTGACGCGTTAAGGTTCCAGTCTGGGCTTTTT,3
TGGTCCCCATGAACTAGATTCGAGATGTT,2
GTGACGCGTGAAGGTCCGTCTCGCTTTTTT,3
ACTGACCAGAACTCGAGTTCTGCCGTATTG,2
GACAAAAGGCTATGTCGAAGGTGGCGGTCGCT,8
GTGACGCCAAACCGTAGCTAGTGGGAAT,2
ACTGACCAGAACTCGAGTACCTGGTCCGTATTG,2
AATACGTCTGTGTGGTCCTTCGGTACTGGCGG,2
TTGAGAAGCGACCTACGTTCCAACGAGTGA,2
AGCCTCAGAAGTTTGAGGATACAAGCGCTT,2
AGACTCCTCCGGGTGCGGCCGTAAGTATAGG,4
GAGCATCGGATGTCCCTATTGCTTGTGAAT,2
CAAAGAATCTTATTACCTACAGGCATGA,2
CCCTGAATAGTAGGAAGGGGCAGGTATAA,2
CTGGGGTGGGCTCCCTTAATGCCCATAATCCA,3
ACGCGTGGTATTCCAAGCATGTGTCCGAA,2
CAAAGTTTTGATTACCTACTATGCATGA,3
GCGCCATTAGGCGCCAAGGAGGTAATAGCGT,2
CATGCCCCTTCCTGGAGTGGGTAACCTCG,3
AACGAACTGCTAACATTAGATGTGTGATCG,2
GCATGATTCACGCGCGATCGACGGTAGATGG,2
ACCCCAGTCGTATAAAGAGAATCTCGTGCA,2
GGTAGCAGCCTTGACGGTTCGTGAGACAGTCGT,2
CCGCCAAACTCTACCTCTAATAGATGATTCCT,4
CTAGATCACCAGGAGTAATCGCCTCCTTAA,2
CAAAGATCCTTATTGCCCACTATGCATGA,2
CTGCGTTTACGTCCCGAGTTCGTACAAGGAA,2
AATAGACTTGTGTGGTCTCGTACTGGCGG,5
CAAGGGCGCACCGGACATCCAGCCACCTT,2
ACAGCTACGTGACACACGGACAGCAAGTCGG,2
CCCAGTCGTTGCAGGTTTAACCATGGCCCATC,2
GCTATGCGACACGATAACTCGTACGTGCA,3
GGGGTAAAGCCAGAAGAATTTTGATCCCGC,5
ACACCTACGTGACACACGGCAGCAAGTCGGG,6
GTTGACACCGGTGGGCTCTCCAGTCTCATAA,2
TATATTAGCAATAGTGAGCTGCCCGGGGCAGG,2
TGGGTAAAGCCAGAAGAATATTGATCCCGC,6
TCTGACGTAGGTCGCCCTACACTATGATGG,3
ACGCGTAGTATTCTCAAGCATGTGTCGTAA,5
TGGATTGTGACCACTCACAGTCAGGAAG,2
TTGGAAAAGCCGGCCTACGTTCCCAACGGTGA,3
CACGATACTTCCCGAAGACGTATGCTTCCC,3
AGACACTCCGGATGCGGCCGTAATATAGG,2
TAGTGCCACTTTAAATTCATGCCGTCATTCG,2
AGCACCTACGTGACACACGGCAGCAAGTCG,4
GCTATGCGACACGATAACTCGTAGTGCA,2
AGGTCATCCCCATGTGCGTGTGTTAGGCCC,3
GTATACGAACACGATAACTCGTACGTGCA,2
AGACCCTCCGGATTGCGGGGCGTAAGTAAAGCG,2
GGGCATCGGATGTCCCTATTGCATGTGAAT,2
AGACCTACGTGACAACGGCAGCAAGTCGG,3
ACCATGCATTGTGTACTCGTCAGCCGCTCTA,4
AGGACCCTCCGGATGCGGCCGTAAGTATAGG,5
ACCCCAGTCTATAAGAGAATCACCGGGCA,5
ACCATCATTGTGTACTCGTCAGCCGCCTA,2
GGGTAAGGCCAGAAGAATTTTGATCCCGC,3
CCCCTGCATAGTAGAAGGGGCAGGTATAA,2
CACGATACTTCCCGAAGATGTATGCTTCAC,3
AATAGTCAGTGTGGTCTTCGGTACTGGCGG,3
GTCGACCCGTGGGCTCTCCAGTCTCATAA,4
CAAAGACTCGTTATTACCTACTATGCATGA,5
CCGCAAAACTCTGCCTTAATTATGATTCCA,2
TGGTAAAGCCAGAAGAATTTTGATCCCGC,3
CACGGCGTAGCCTAGGCCGGAAGGGTTGTC,2
AACGCGTGGTATTCTAAGCATGTGTCCGTAA,2
CTGCGTTTACGTCCCGAGTCGTACGAAGGAA,2
CTGTAGTTGGGTATTGGACCAGTCTCTACG,2
GTCGACCCCGTGGGCTCTCCAGACTCATAA,4
TGGATTGTGCCACTCAGCAGTCAGGAGGG,2
GGTGCATTCTAAATGGGATCCTCCGAAGGCC,2
CAAAGAATCTTATTACTACTATGGCATGA,4
CAAAGATCCTTATTACCTACTATGTATCA,2
CAGCACGCCTTATCGACGCGATTAGATCGCTT,2
CTGGGTGGGCTTCTTAATGCCCATATCCA,2
CTGCCCCTCCTGGAGTGGGTAGCATCG,2
CAAAGATCCTTATTACCTACTATGCATG,2
TCTAACGTAGGTCGGACAACACTATGATGG,2
CTGTATTTGGGTATTGGACCAGTTCTCTACG,4
GTCGACCCCGTCGGCTCGCCGTCTCATAA,2
GCTATGCGAACACTGGTAACTCGTACGTGCA,2
TAGCCTCGAAGTTTTAGAATACCAGCGCTT,2
AGACACTCCGGATGCGGCCGAAAGTATAGG,8
CAAACGATCCTTATTAGCTACTATGCATGA,3
TGCCGCGGATGTCTAGAAAGAGTCAGCTGGA,4
TTCGTCATATATATGAATAGGAACATCCGA,2
AGACCTACGTGACACGCGCAGCAAGTCGG,2
CCACGCAGCAAGGCGGCTCCATACTCT,2
AGACCCTCCGGATGCGGCCCGTAAGTATAGG,2
ACGAGCTGCTAACATTTGATGTGTGGTCG,2
ACGCGTGGTATTCTCAGCATGTGTCGAA,3
ACGGTACCAACGCAGGACAAGTGCGGCGA,2
TGGGTAAAGCCAGAAGAATTTTGACCCGC,3
AGACCCTACGTGACACACGGCAGCAAGTCGG,2
CCCCTGGAATAGTAGGAAAGGGCCAGGTATAA,2
CCCCTGAATAGTAGGAAGGGGCAAGGTATAA,3
AATACGTCTTGTGTGGTCTTCGGTACTGGCGG,3
AGACACTCCGGATGCGGCAGTAAGTATACG,3
AGCACTCCGGATGCGGCCGTAAGTATAGG,2
GTGGGAGCCTAGGCTATGCTATCGGGGCAA,3
GCTATGCGACATCGAAACTCGTACGTGCA,4
GTCGACACCGGTGGCTCTCCAGTCTCATAA,3
CCCCTGAATAGTAGGAAGGGGCAGGTATAG,2
GCTATGCGAACACGATTACTCTACGTGCA,2
TCTAACGTAGGTCGCCCTACATATGATGG,2
AACCCGCCAGCGAAGGCGGCTCCATCTCAT,2
AGACCCTCCGGATGCGGCACGTAAGTATAGG,10
CAAGGGCGCACCTGGACATCTCACCCACCTT,3
GCAAGTGACCCATCGACCCGATCGACATAGATGG,2
TGCCGCTGGATGTCTAGAAAGGTCAGCTGCGA,3
GACCTACGTGACACGCGGCAGCAAGTCGG,3
AGACCCTCCGGATGCGGCGTAAGTATAGG,2
CATTTGGCCAAAATTCTAGGATCGGACTGTAG,7
CCGCAAAACTCACCTTAATTATGATTCCT,6
CTGTTTGGGTGATTGGACCAGTCTCTTACG,2
CCCCTGAATAGCAGGAAGGGAGAAGGTATGA,2
TGCCGCGGATGTCTAGAAAGGTCTCGCTGGA,2
CAGGGCGCACAGGACATCTCAGCCACCTT,2
CATGCCCCTTCCTAGGAGTGGGTAACCATCG,3
GGTAGCAGCCGTGACGGTGAGAACGTCT,3
TGGGTAAAGCCAGAGAATTTTGATCCCAGC,2
CATTTGGCCAAAATTCAGATCGGATGTA,2
GTCGAGCACCGTGGGCTCTCCAGTCTCATAA,2
TATATTAGTATAATAGTGAGCCCCGGGCCAGG,2
TGCCGCGGATGTCTCAGAAAGGTCAGCTGGA,3
AGCTAGCTTAGCTCTCTGACAAGAAGGAAG,2
CATGGCCCTTCCTGGAGTGGTAACCATCG,2
GGGTCATCCCCATGTGCGTGGCTTTGTCCCC,2
GGGTCATCCCCACTGTGCGTGTCTTAGGCCC,3
TCTAACGTAGGTCGCCCTAACACTATGATGG,2
CAAAGAATCCTTAGTACCTATCTATGCATGA,2
GGTAGCAGCCGTGACCGGTTGTAGGAAGTCT,2
GTCGACCCCGTGGGCTCTCCCGTCTCATAA,5
CCGCAAAACTCTACTTAAATTATGATTCCT,2
CCCCTGAATAGTAGGAAGGGGCAGTGTATGA,3
GGGGATCGGATGTCCCTATTGCTTGTGAAT,3
GTGGGAGCTTAGGCTACCCAATCGGGGCAA,3
GCTATGCGAAACGATACCACTCGGTAAGTGCA,3
GGGCATCGGATGTCCCTATTGCTTCCTGAAT,6
CTGGTATTTGGGTATTGGACCAGTCTCTACG,2
GTCGACCCCGTGGGCTCGCCGAGTCTCATAA,3
CCGCAAAACTCTACCTTTAATTATGATTCCT,2
ACCATGCATTGTGTTACTCGTCACCCGCCTA,2
CTATGCGATACACGATAACTTGTACGTGCA,4
CATTTGGCCAAAATTCAGTTCGGACATGTAG,5
TCCGTCTTATCTATGAATAAGGAACATACCGA,2
CACGCGTAGCCTAAGGCCGGAGGGTTGTC,4
CCGCAAAACCTCTACCTTAATTGTGAATCCT,4
AGACTACGTGACACGCGGCAGCAAGTCGG,2
AGACCCTCCGGATGCGGCCGTAAGTGATAGG,7
TGCCGCGGATGTTCTAGAAAGGTCAGCTTGGA,3
AGCTAGCTTAGCTCTGTGACAAGAAGGAG,4
TATCACTAGCAACCTCATCCTTAGACCGG,3
CATTTGGCCAAAATTCAGATCGGACTGGAG,7
CATGCCACCTTCCGGGAGTGGGTAACCATGCG,2
CCGCAAAACTCTACCTTAATTGTGATTCCT,3
TGGGTAATGCCCAGAAAATTTTGATCCCGC,2
TGGGTAAACCAGAAGAATTTTGTTCCCGC,6
AGACCCTCCGGAGCGGCCGTAAGTATAGG,4
TGGGTAAAGCCAGAAGAAATTTTGATCCCGC,6
ACGGTACCAACGCAGGACAAGAGCGGTGGA,3
AATAGTCTGTGGGTCTTCGGTAGCTGGCGG,2
CCACGCCAGCGAAGGCGGCTCCATACTCT,2
CAAAGAATCCTTATTACCTACTATGCAGGA,2
CAAAGAATCCTTATTACTACTGTGCATGA,2
GTAGACCCCGTGGGCTCGCCAGCTCTAA,3
TCTAACTTAGGTCGCGCCAACACTATGATGG,2
GCATGATCAGCGCGATCGACGTAGATGG,2
CACGATACTTCCCGAAGATGTATGCTTCC,3
ACACCTACGTGAACACGGCAGCAAGTCGG,3
AGTCACTCCGGATGCGGCCGTAAGTATAGG,5
AGCGCGGATGTCTAGAAAGGTCAGCTGGA,5
TAACAACTGATCTGCCTTGACAGTACTG,2
CCAGCAAAACTCTACCTTAATTATGATTCCT,5
CAAAGATACCTTAATTACCTACTATGCATGA,2
AGACACTTCCGGATGCGCCCGTAAGTATAGG,5
GGGTCATCCCCGTGTGCGTGTGTTAGGCCC,2
ACCCCAGTCTATAAAGAGAATTACCGGCA,7
GGTAGCAGCCGTGAGGTTATGAGAGTCT,2
CACGCGTAGCCTAACGCGGAAGGGTTGTC,4
ACCCCAGTCTATAAAGGAGAATCACGGGCA,2
TATGCACTTTAAATTCATGCGACCATTCG,2
GGTATCAAGCCGTGACGGTTGTAGGAAGTCT,2
GCGCATTCAGGCGCCAGGCGGTAATAGCGT,2
GCTATGCGAAACGATGACACTTGTACGTGCA,3
ACCCCCAGTCTATAAAGAGAAGCACCGGGA,4
TGGATTGTGACCACTGCAGCAGTCAGGAGG,3
GCATGATCCACGCGCGATCGACGTCGATGG,3
AGACCTACGTGACACGCGGCAGCAGTCGG,2
TCTAACGTAGGTCGCCCCAACACTATGATGG,3
TAGACCGCACCGGATGCGGCCGTAAGTATAGG,2
CCGCAAGAACTCTACTTTAATTATGATTCCC,2
CAAAGAATCCTTACTTACCTACTATGCATGA,2
AGACACTCCGGATGCGGCCCTAGTTATAGG,2
GGGGGACGTTTTCAACCCCAGTGTCTCTGAA,2
TAAAAGGACCGGATAACAAGCTTAGACGTAT,2
CTGATGGGGGTTGTGGGTGATGTTTCTTT,2
GATTTCTCACCAGAGCGGTACTGTACACACT,3
GATTTCTCACGGACGGTACTTTACATGCT,2
CGTGTCCTCCATATTAAAGGGCTCCTATT,2
AGGCAATAGGTACCATTCTTCCCGATACC,2
CTCCCGAAATCAGCGAAGCAGTATCACCCTT,2
CGGTACCCAGTTGCTATGTCTAGCGTCGATA,4
TGTAATCCAAGTGGTTCACTTTCGGTATGCG,2
TAGGGGGACCATAACAGCTTAAAATTCTCT,4
TGAAGGACCGGATATACTTAGACGTA,5
ACCCCAGGCGGACGTCGGCTGAGTCTTTTTT,2
GTGCGTCGCCGTTGAGCTTCTGCCGTGCCA,2
CGTACCCAGTTGCTATGGGCTAGCGTCAGATA,2
GACGTGCCGGGCCTGGTTCAACGCAATCG,2
ACGAACCTAAAATAGTCTTCTGGAGCCCCG,2
TCCGAGCGTTAAAGAGAGTACGTCCTATTAC,2
GGGGGCGTTTTCAACCCCAGTCTCTCTGAA,4
TATCATGCAAAACTTGTAATCTGTCGATACC,2
CATGATGGGGGTGTATGCGTGATGTTGCTTT,3
ACGGCAATAGGTAACATTCTTCCCGGTACA,2
ATTTAGGGAAAGAAATACTCTTAAGACAG,2
TGTGTTACGATAATAACCTAGTGGTATCTT,2
AGGGGCAATAGGTACCATTTCTTCCCGATACA,2
GTGACAAATGCTCGTACTAGATGGCTCAAAAG,2
TGACAATATTTACGAGCTTTAACAGCCGC,3
GCCGTTGCCGGGCCTGGTTCAACGCAATCG,3
GTGACGCGTATAAGGTTCCAGTCTGCGCTTTTT,5
ATTAGGAATCTCGGAGCGTGGTAGGACTTCC,2
AAGCTATCAACTAGGCTGGCATGCTATATA,2
TGACGTTGCCGGCCTAGTTCAACGCAATCG,2
ACCCCAGGCGGACGTCGGCTGAAGTCCTTTT,2
ACCCCAGGCGGACGTCGGCGAGTCGTTTTT,2
GGACAAATCGTCGTCCTAGTTGGCCTCAAAAG,4
CTGATCCGGAACTCGAGATCCTGCGGTATTG,2
GTGACGGCACCCTTCGAAAGTTTTTCGACT,2
ACAAAAGACCGCCAAGGGATCTTGTCGTTT,2
CCCCCGAAATCAGCGAGCAGTACCACCCTT,2
ACCCCAGGCGGACGTCGGCTGAGGTCTTTTTT,3
ATGTTAGGGGAAAGATATACTCTTAGGACAG,2
AAGCTATGAGCTAGGCTGGCATGCTATATA,2
GACGTTGCCGGGCCTGGTCAACGCATCG,8
AAGCTATCAGCTAGGCTGGCCGCGAGTATA,4
GTGGCGTTTGCAACCCCAGTGTCTCTGAA,4
CGGTACCCAGTGCTATGTGCTAGCGTCGATA,2
TGCGCGATATGCCTGCCCGTCATCGGCGATTG,2
GTGACGCGTGAGGGTCAGTCTCGCTTTTT,2
CGGTACCCAGGCTGGGTGCAGCGTCCGCA,2
CCGCGTGCAGCAGCGCCCGACTTCAAAAC,3
GGTACTTTGTACCAGGTAAGAAACAGGTGAA,2
GCAAGCACACATGGGACTATTCAAGGTTG,4
CCCCCGAAATCAGCGAGCAGTATCGCCCTT,3
ACCCCAGGCGGACGTCGGCTGAGTCTTCTT,2
AACGTTCGCTTCTCCTCGTGTTAATGA,4
CAACGATAACCTGTAGTCATATGGCATCGG,2
CTGATGGGGGTGTAGGCGTGATGTTTCTTT,2
AGGGCAATAGGTACACATTCTTCCCGATACA,3
CAACGATAAACCTGTAGTCATATGGCTTCGT,4
ACCCCTAGGCGGACGTCGGCTGAGTCGTTTTT,4
GAATCTTTGATAGCGACTGCCATGCGGTAC,2
CAACGATAACCTGTAGTCATATGGCAGTCGT,3
ATGTTGGGAAAGATATACTCTTAAGACAG,3
TGTGTTACGATATAACCTAGGGGTATCTT,2
GTGAGTCGCGGCTGAGCTTCTGCCGTGTCTA,2
GGGGGCCTTTTCAACCCCAGTGTCTCTGAA,3
AGGGCAATAGTACCATTCTTCCCGATACA,5
TGGGGGACCATAGCAAGCTTAAAATTCTCT,3
GTGTGCGTTTTCAACCCCAGTGTCTCTGAA,2
GGGGGCGTTTTCAACCCCAGTGCCTGA,2
GACAAATGGTATTGAAGAGGCGTGGCT,4
GACAAATGGCTATTGAAGAGAGCGGTGGCT,2
GTGACAAATCTCGTCCTAGGTTGGCTCAAAG,2
GTGACGCGTGAAGGTCAGTCGCGCTTTTT,2
AGAAGGTCGTGCATAGACGTAAGGGGCCTTT,6
ACCCAGGCGGACGTCGGCTGAGTCATTTT,2
CCTCCGAAATCAGCGAGCAGTATCACCCTT,6
GGACAAATCTCTTCCTATGTTGGCTCAAAAG,3
GTGTTACGATTATAACCTAGGGGTATCTT,2
GCACGCACACATGGGACTCTTCAAGGGTTG,2
GACGTTGCCGGGCCTGTTCAACGCAATCG,3
CGGTACCCAGCTTGCTATGGAGCTAGCGTCGATA,2
AGAAGGCGTGCATAGACGAAGGGGCCTTC,5
ATTAGGAATCTCAGAGCGTAAGGTCTTCC,3
CAACGATAACCTGTAGGCATATGGCATCGT,2
CGGTACCCAGTTGCTTGGGCAGCGTACCATA,2
TGACGTTTCCGGTGCCTGGTTCAACGCAATCG,2
TGTGCTTACGATTATAACCTAGGGGTAACTT,2
AAGGCAATAGGTACCATTCTTCCCGATACA,2
CAACGATAACCTGTAGTCATATGACAGTCGT,2
GATTTCTCACCGAGCGTTACTGTACACGCT,2
GGACAAATCTCTTCCTAGTTGGCTCAAAAC,2
TATCGGCAAAACTTGTAATCTGTCCATACC,2
GACGTTGCCGGGCCGGGTCAACGCAATCG,6
GGGACGCGTGAAGGTAAGTTCTAAGCTTTTT,2
GGGGGCGTTTTAAACCACCAGTGTCTCTGAA,3
TGTAATCCAAGTGGTTACTTTCCGTATGCG,3
TATCTGCAAAATTTGTAATCTGTCCATACC,3
ATTAGGGAACCTCGGAGCGTGAAGAACTTCC,6
CGGTACCCAGTTGCTATGTGCTACCGTCTGATA,3
TGCGCGTATGCCTGCCCGTCCATCGGCGATTGG,2
TGACAATATTTCGAGGCTTTAACTGCCCGC,3
CGTTACTTTCCTATTAAAGTGCTCCTATT,2
CGTGATGGGGGTGTTTGCGGGATGTTTCTTT,2
GACAAATGGTATTGAAGAGGGCGCGTGGAT,5
TGACAATATTTACGAGCTTCAACACGCCCGC,3
AAGCTATCAGCTGGCTGGCATGCTAAAATA,2
CAACGATAACCTGGAGTCATATGGCATGT,2
GGGGGCGTTTTCAACACAGTGTCTCTGAA,7
GTGACGCGTGAAGGTCCGTCTCGCTTTT,2
CGGTACCCAGTTGCTTGGGCAGGCGTCCATA,2
GTGGGCGTTTTCAACCCCAGTATCTCTGAA,2
GGTCGCTACGTGTCACGCGGCAGCAAGTGG,2
ACGCATGGTATTCTCAAGCATGTGTCCGAA,2
TGCCGCGGAATGTCTGGAAAGGTTCAGCTGAA,2
GGGCATCTGATGTCCCTATTGCTTGTGAAT,4
CAGCACGCTAATCGAAGCGATTAAATCGTT,3
CTGGGGTGGGCTCCTTAATGCCCAATATCCA,2
ACTAGTTTAGCTCTGTGACAAGAAGGAAG,3
TATGCCACTCTTAAATTCATGCCGATCATTCG,3
AGACACTCCGGACGCGGCCGTAGTATAGG,2
CCATGCGAACACGATAACACGTACGTGAA,2
GCTATGCGAACAACGATAACTCGTACGTGCA,2
GCGCCATTAGGCGCCAGAGGTAATAGCGT,2
CCGCAAAACTCTACCTTAGATTATAGATTCCT,2
GATAGTCTTGTGTGGTCTTCGGTACTGGCGG,2
TGGGTAAAGCCAGAAGAATTTTGATCCGC,3
CCAGATCCTGATCACCTACTATGCATGA,3
CTGGGGTGGGCTCCTTAATGCCCTATCCA,2
GTCGACCCCGTGGGCTGTCCAGTCCATAA,2
CCGCAAAACTCAACCTTAATTATGATTCCT,2
AATACGTCTGTGTGGTCTTTCGGTACTGGCGG,2
TGGGTAATGCCAGAAGATTTGATCCCGCC,2
GGGCATCGGTGTCCCTATTGCTTGTGAAT,3
TGCCGCGGATGTCTAAAAGGTCAGCTGGA,2
GTCGTCCCCGTGGGCTCTCCAGTCTCATAA,2
TTGGGTGGGCTCCTTAATGCCCATATCCA,3
ACGGTTCCAACGCAGGACACAGTGCGGTCGA,2
TATGCCACTTTAAATTCATGCGATCATTAG,2
AGACCTACGGACACAACGGCAGCAAGTGG,2
GTGGGAGCTTAGGGTATCCAATCGGGGCAA,3
TATATTTAGTAATAGTGAGCCCCGGGGCAGG,2
CACCGATACTTCCGGAAGATATATGCTTCCC,2
GCTATGTCGAAACGATACACTCGTACGTGCA,3
ACTAAGTTATGACATCTGTCGGGACATTACGGG,2
AATAGTCTGTGTGTTGTTCGGTACTTGCGG,2
TGGGTAAAGCCAGCAGAATTTTGATCCCGC,2
CAGCACGCCTAATCGACGCGATAAATCGTT,2
CATGCCCCTTCCTGGAGTGGGTAATCATCG,2
GTGGGTGGGCTCCTTAATGCCCATACCA,2
AGCTAGTTTCGCTCTGTGACAAGAAGGAAG,2
ACGGTACCAACTCAGGACAAGTGCGGTCGA,2
GCTATGCCGAACACGGATAACTCGTACGTGCA,2
CCCCTGGATAGTAGGAAGGGGCAAGTATAA,2
AGTCCTACGTGACACACGGCAGCAAGTCGG,2
AGACCCTCCGGATGCGGCCGTAAGCTATAGG,2
AGACCCTCCGGATGCGGCCGTAACTATAGG,2
CCCCTGAATAGTAGGAAGGCGGCATTATAA,2
ACCATGCATTGTGTACTCGTCAGCCGCTA,3
ACGGCCGCTAACATTTGATGTGTCATCG,4
CTGGGTGGGCTCCTAATGCCCATATCCA,2
TGGGCAAAGCCAGATGATTTTGATCCCGC,2
CCCAGTCGTTGCCGGTTTAACCATGGCCAC,2
AGACCCTCCGGATCGGCCGTAAGTATAGG,5
AGACCCTCCGGATGCGGCTGTAAGTATAGG,8
AAGGCCTACGTGACACACGGCAGCAAGTCGG,4
GTCGACCCCGTGGGCTCGCCAGTCTCATCA,3
CCGCAAAACTCTGCCTTAATTATATTCCT,2
CCCCTGAATAGTGGGAAGGGGCAGGTATAA,2
ACCCCAGTCTATGAAGAGAATCACCGGGGCA,3
GGGTCATCCAGATGTGCGTGTCTTAGGCCC,2
CAAAGAATCCTTATTACCTATTCTGTGCATGA,2
AGGCCTACTGACACACGGCAGCAAGTCGG,3
TGGATTGTGACCACTCAGCAGTCAGGAAGCG,3
CAAAGAATCCTTATTACCTACTATGTATGA,3
CATTGGCCAAAATTCAGGATCGGACTGTAG,3
GGTAGCAGCCGTGACGTTGTAGGAGTCT,2
AATAGTCTGCGTGGTGTTCGGTACTTGCGG,2
CGCAAAACTCTGCCTTGATATGATTTCCT,3
TCTAACGTAGGTCGGCCCAACACATATGATGT,2
AGCTAGCTTAGCTCGGTGAACAAGAAGGAAG,2
GCATGATTCAGCGCGATCGACGTAGATGG,2
AGACACTCCGGAGCGGCCGTAAGTATTGG,2
CATGCCCCTTCCTGGAGTGGGTAACATCG,3
GCTATGGAACCACGATAACTCGTACGTGCA,2
TATGCCACTTTAAATTCATGCCGCTCATCG,2
AGACACTCGGGATGCGGCCGTAATGTATAGG,2
ACGCGTGGTATTCGTCAAGCATGTGTCCGAA,2
AGACCTACGTGACACTCGGCAGCAAGTCGG,2
AGCCCTCCGGATGCGGCCGTAAGTATGG,2
GTTCAATATTAGATTAAACTGCCTGAATGTC,2
AGCTATTTTAGCTCTGTGACAAGAAGGAAG,3
AGACCCTCCGGATGCGGGGCGTAAGGTAAAGCG,4
ATGGGTGGGCTCCTTAATGCCCATATCCA,2
CACTCTGCCAGCACGTCAGACATCAACGT,2
GGGCTCGGATTTACCCTATTGCTTGTGAAT,3
AGACCCTCCGGATGCGGCCGAAGTATAGG,3
GCATGATCCACGCGCGATCGTCGTAGATGG,2
CTTGCCCCTTCCTGGAGTGGGTAGCCATCG,2
AAGCGATACTTCCCGAGATGTATGCTTCCC,2
GCTATGCGAGAACGATAATCTCGTACGTGCA,3
AGACCCTCCGGATGCTGCCGTAAGTATAGG,5
CTTTTGTCCAAAATTCAGATCGGACTGTAG,2
CATTGTCCACCACGTCCGATATCAGACGG,2
TATGGCCACTTTAAATTCATGCCGATCATTCG,2
TCTAACGTAGTCGCCCAACACTATGATGG,2
CCCCTGAATAGTAGGAAGGTGCAGTATGA,2
ACCCCAGTCGTATAAAGAGAATCTCGGGGCA,2
AGAACACTCCGGATGCGGCCGTAAGTATAGG,2
CTGTTTTGGGTATTGGACCAGTCTCTAACG,2
CCCCTGAATAGTAGGAAGGGGCAGTGTATA,2
AATAGTCTGTGTGGTCGTTCGGTGGTTGGCGG,3
CCGCAAAACTCTACCTTAATTATCATTCCT,3
GGTAGCAGCCGTGACCATTGTAGGAAGTCT,2
CAAGGGCGCACCTGGACATCTCAGTCACTT,2
TCTAACGTAGGTGCCCAACACTATGATGG,2
AGCTAGCTTAGCTCTGTGACAAGAAGTAAG,2
GTCGACACCGGTGGGCTCCCAGGCTCATAA,2
ACGCGTGGTATTCTCACAGCATGTGTCCGAA,5
TGGATTGTGAACCACTCAGCAGTCAGGAAGG,2
AGCTAGCTTAGCTCTGTGACAAGAACGAG,2
AATACGTCTGTGTGGTCTTCGGTACATGGCGG,2
CACCACGCCTAATCGACGCGATTAATCGTT,2
GGGCAACGGATGCCCTATGCTTGTAAAT,3
AGCCACTCCGGATGCGGCCGTAAGTATAGG,3
GCTAGCGAAACGATACACTCGGTAAGTGCA,2
GGTAGCAGCACGTGACGGAGTACAAGCGTCT,2
ACCACGCCAGCGAAGGCGGCTCCATACTC,2
TCGACCCCGTGGGCCTCTCCAGTCTCATGA,2
CACGCGTAGCCTAAGCGACGGAAGGGTTGTC,5
GTCGACCCCGTGGGCTCTCCAGTCTCTATAA,2
CCCCGAAATCAGCGAGCAGTATCACCCTT,4
CGTTAATATACTCGGCATCCGCTAAAATAG,3
TCCGGCGTTAAAGACAGTACGGTCCATTAC,2
CGTGTTACTTCCCTATTAAAGTGCTCCTATT,3
GACGTGCCGGCCTGGTTCAACGCAATCG,2
TATCTGAAAAACTATGTAATCTGTCCATACC,2
AGACGCTCGGCTTCTCCATCGTGTTAATGA,2
GATTTCCTCACCGACGTGTACTTTACATGCT,3
GTGACGCGTGGAAGGTCAGTCTGCGCTTTTT,3
TATCCTGCAAAACTTGTAATCTGTCCATACC,2
ATTATGAAATTTCGGGAGCGTGAAGGACTTAC,3
TGGGGGACCCATACAAGCTTAATATTCTCT,2
GTGACGCGTTAAGGTTCCGTCGCGCTATTT,2
GACAAAGGCTATGTGAAGAGTGGCGGTCGCT,3
ACCCCAGGCGGACGTCGGCTAGGTCTTTTG,2
CGTTACTTCCTATGAAAGTTCTCCTATGT,2
AGGAGGCGTGCATATTACGTAAGGGGCCTGC,4
ATGTTAGGGAAAGATATTACTCTTAAGACAG,3
GGACAAATCTCATCCTAGTGGCTCAGAAAG,2
ACGGCAATAGGTACCATTCTTCCCGATACAA,2
ACCCCAGGCGGACGTCGGCTGGATCTTTTT,2
CGGTACCCAGTTGCTATGTGCTAGCGTGATA,2
GTGAGCGGCACCCTTCGAAAGTCTTTCGACT,2
GGGGAGCGTTTTCAACCCCACGTGTCTCTGAA,2
AGATACCTAGTAAGTCTCTTAAATCCCGCA,2
AATAAAACCGCCCAAGGGATTTGTAGTTT,2
GTACAAATGCTCGTACTAGATGGCTCAAAAG,2
GACAAAAGGCTATTGAAGAGGTGGCGGTGGC,2
AAAGGACCGGATAATAACTTAGAGTAT,2
AAGCTATCAGAGGCTGGCATCTATATA,3
GGGACCGTTTAGTATTGGACTCATTTGACATCTG,2
GGGGGCGTTTTCAACCCCACTGTCTCTGAA,4
AGACGTTCGGCTTCTCCTCGTGGTGAATGA,2
CGCGTGCAGCAGCGCGACTACAAACC,3
GGTACTTTTACCAGGTAACGAAACAGGTGAA,2
TTGGGGGACCATAACAAGGCTTAAAATTCTCT,2
ACGCAATAGGTAGCCATTCTTCCCGATACA,2
CCCCGAAATTCAGCGAGCAGTATCCACCCTT,3
CAACGAATAACTGTAGTCATATGGCATCGT,4
CGTGTACTTCCATATTAAGGTGCTCCTATCT,3
GGGGGCGTTTTCATAACCCAGTGTCTCTGAA,2
GGGGGCGTTTTTAACCCCAGTGTCTCTGAA,2
AACGTTCGGCTTCTCCTCGTGCTTAATGA,2
ACGGCAATAGGTACCATCTTCCGGTACA,6
CGCGCAGAGGCGGGAACTTTCCGTTGTGGCG,2
GGGAGCGTTTTCAACACCAGTGTCTCTGAA,2
CCGTACCCAGTTGCTATGTGCTAGCGTCGATA,3
GGGGGCTTTTTCAACCCCAGTGTCTCAGAA,3
GGGACTTTTACCACGTAAGAAGCAGGTGAA,2
GAAAAAAGGCTATTGAAGAGTGGCGGTGGCT,3
TATCTGCAAATCTTGTAATCTGTCGATACC,2
TATCTGCAAAACTTGGTAATCTGTCGATACC,5
GTCCGTGCCGGGCCTGGTTCAACGCAATCG,2
CGTTAATACACTCGGCGATCCGTCTAAATAG,4
CGTGTACTTCCATAATAAAGTGCTCCTATT,2
GACGTTGACCGGGCCTGGTCTCAACGCAATCG,5
ATTAGGTATCTGGAGCGTGAAGGACTTCC,2
ACGTTGCCGGGCCTGGTTCAACGGAATCG,2
AGTTCGGGAAAGATATACTCTTGAGACAG,2
CGTGATGGGGGTGTTTGCCGGATGTTTCTTT,4
AGGGCAATAGGTACCATTCTTCCTCGAACA,3
GGGGGCGGTTTCAACACCAGTGTCTCTGAA,3
GACGTTGCCGGGCCATGGTCAACGCAATCG,3
GTGACAAATCTCGTCCTAGTTGCTCAAAAG,3
AGACGTTCTGCTTCTCTCGTGTTAATGA,4
GGTACTTTTACCAGGTAAGAAACAGGTAGAA,3
ACCCCAGTCCATAAAGAGAATCACGGGCA,2
AATAGTCTTGTGTGCTCTTCGGTATTGGCGG,2
AATAGTCTGTGTGATCGTTCGGTAGTTGCGG,3
GGGTCATACCCAGGTGCGTGTCGTTGGGCCC,2
AGCTAGTTTAGCTCTGTTGACAAGGAAGGAAG,3
AGGGCCCTCCGGATGCGGCCGTAAGTATAGG,3
ACCATGCATTGTGTACTCGTACCCGCTA,5
CAGCACACTAATCGACGCGATTAAATCGTT,3
CATTGTCCGCCACGTCCGATATCAGACGT,2
AGCCGCGGATGTACTAGAAAGGTCAGCTGGA,2
CCCAGTCGTTGCAGGTTCGACCATGGCCAC,2
CCGCAACACTCTACCTTAATTATGATTCCT,4
AGACTTACGTGACACGCGGCAGCAAGTCGG,2
AGACCCCCGGATGCGGCGTAAGTATAGG,2
CATTTGCGCCAAAATTCAGATCGGACTGTAA,3
CATTTGTCCAAAATTCAGATCGGACTATAG,3
GGGATCGGATGTCCCTATTGCTTGTGAAT,2
AGACCTACGTGACACACGACAGCAAGTCGG,3
ACAAGTATGACATCGTCGGACATTACCG,2
AGACCCTCCGGATGCGGCCGTAAGTATAG,2
AGGCCTACGTGACACACGGCAGCCAAGTCGG,3
GGGTCTTCCCCATGTGCGTGTCTTAGGCCC,2
ACCAGTCGTTGCAGGTTTAACCTTGGCCAC,2
CAAAGATGCTGATTACCTACTTGGCATGA,2
AGCTAGCTTAGCTCTGTGATCAAGAAGGAAG,2
AGACCCTCCGATGCGGCCGTAAGTATAGG,2
AGACCCTCCGGATCCGGCCCGTAAGTATAGG,4
CCGCAAAACCTTCAACCTTAATTATGAATCCT,2
AGACCTACGTGAACACACGGCAGCAAGTCGG,2
ACACTACGTGACACACGGCAGCAAGTCGG,2
GCATGATTGACGCGCTATCGAGTAGATGG,2
CAAAGAACCTTATTACCTTCTATGCATGA,2
TGGGAACAGCCAGAAAATTTTGGTCCTCC,2
GGTATGCGAACACGATAACTCGTACGTGCA,2
AGACACTCCGATGCGGCCGTAAGTATAGG,2
GGGTCATCCCCAGTGTGCGTGTCTTAGGCCC,3
ATCGACCCCGTGGGCTCTCCAGTCTCATAA,2
AGACACTCCGGATCCGGCCGTAAGTATAGG,2
GCTATGCGAACACGATAACTCGTATGCA,2
TATATTAATAATAGTGAGCCCCGGGGCAGG,2
AGGCCTACGTGACACACGGCAGGCAAGTCGG,2
CAACGATAACCCGTAGTCATATGGCTTCGT,2
AGAAGGCGTTCATAGACGTGAAGGGGCCCTTC,2
GATTTCTCACCGAGCGGTCTGTACACACT,3
AGAAGGCGTGCATAGACGTAAGGGGGCCTTC,4
GGTACTTTTCCAGGTAAGTAACAGGAGAA,2
CGCACTAAGGCGGCAACTTTCGTACGTGACG,3
CAACGAGAACCTGTATCCATAGGCTTCGT,2
AGAAGGCGTGCATAGACGTATAGGGGCCTTC,2
ATTAGGAAACTCGGAGCGTGAAGGACTTCC,2
TAAAAGGAGCGGATAACATCTTGACGTAT,2
GTGACGCGTTGAAGGTTAGCCGCGCTTTTT,2
CCCCGAAATCAGCGAGCAGTACACCCTT,2
GGGGGACGTTTTCAACCCCAGTGTGTCTGAA,2
CATGATGGGGGTGTATGCGTGATGGTTTCTTT,2
AGAAGGCGTGCATAGACGTAATGGGGCCGC,2
GACGTTGCCGGGCCATGGTTCAACGCAATCG,3
GGTACTTTTACCAGGTAAGAACCAGGTGAA,2
TATCTGCAAAAGTTGTAATCTGGCCATACC,2
ACTGATGGGGGTGTTTGCGGGATGTTTCTTT,2
GACGTTGCCGGGCCCAGTTCAACGCAATCG,3
AGAAGGCGTGACATAGACGTAATGGGGCCGTC,2
GGTGGCGTTTTTAACCCCAGTGTCTCTGAA,2
GTACGCTGCCCGGCCTGGTTCAACGCATTCG,3
ATTAGTATCCGGAGCGTGAAGGACTTCC,2
GACAAATGGTATTGAAGAGGGCGGCGTGGAT,2
CCCCCGAAATCAGCGAGAAGTATCACCCTT,2
CAACGATAACCTGTAGTCATAATGGCAGCG,2
GGACAAATCTCATCCTAGTGGCTGAAAAG,2
AACTATCAGCTAGGCTGGCATGCTATGCA,3
CGGTACCCAGTTGCTATGTGCTAGCGTCGAA,2
GACGTTGCCGGCCCTGGTTCAGACGCAATCG,2
CGTTGATATAGCGGCGATCCGCTAAATAA,2
CGTGATATACTCGGCGATCCGCTAAGTAG,3
GTGATGCGTGAAGGTCCGTCTTGCTTTTT,2
TATGCCACTTTATAATTCATGCCGATGCATTCG,2
GGTGCCATTCTAAAGCGGATCCTCCGAAGGCC,3
AGACCCTCCGGATGCGGCAGTAAGTATAGG,2
CCGCAAAACTCTACTTAAATTATGATTCTT,2
ACTAAGTATGACAACTCTGTCGGGACATTACGG,2
CCGCAAGAAGCTCTACTTTAATTATGATTCCC,2
CAACGCGTAGCCTAAGGCCGGAGGGTTGTC,2
CTAGTCACCCAGGCGTACATCGCCTCCTTAA,2
AGACACTCCGGATGCGGCCGTAAGTTAGG,2
GGGATCGGATGTCCCTATTGCTTGTGATAT,2
CCGCAAAACTCTACCTTTAATATGATTCCT,2
GGGCATCGGATGTCCTATTGCTTGTGAAT,3
CATTTGCCCAAAATTCAGCATCGGATTGTAG,2
GGCTCCGGATTTACCCTATTGCTTGTGAAT,2
ATACGTCTTGTGTGGTCTTCGGTAACTGGCGG,2
AGACCCTCCGGATGCGCACGTAAGTATAGG,2
TTGGAATAGCCGGCCTACGTTCCCAACGGTGA,2
CATGCCCCTTACTGGAGTGGGTAATTCATCG,2
ACCATGCATTGTGTACTCGTCACCGCCTA,2
AGACACTACCGGACGCGGCCGTAGTATAGG,2
ACAACCTACGTGAACACGGCAGCAAGTCGG,4
AATACGTCTGTGTGGTCTTTCGGTTACTGGCGG,2
GGGCATCGGGGATGTCCCTATTGCTTGTGAAT,2
ACCATGCATTGTCGTACTCGTACCCGCCTA,3
GGCTCGGATGTCCCTATTGCTTGTGAAT,2
AGACCCTCCGGATAGCCGCCGTAAGTATAGG,2
CCGCAAAACTCTACCTTAATTATGATTACT,2
CAAGGGCGCACCGGACTTCCAGCCACCTT,3
CTTGGCCCTTCCTGGAGTGGGTAGCCATCG,2
ATGTTAGGGGAAGATATACGTCTTAGGACAG,2
CGCACCAGGCGGCAACTTTCGTACGTGACG,2
ATGTTAGGGAAAGATATACTCTCTAAGACAG,2
ACGTTGCCGGGCCTGGTTCAACGGATCG,2
GGGGGCGTCTTTAAACCACCAGTGTCTCTGAA,3
GGGGGGCGTTTTCAACCCCAGTGTCTCTGAA,2
TATCTGCAAAACTTTGTAATCGTCCATACC,2
TATCTGCAATATCTTGTAATCTGTCGATACC,2
GACGTTGCCGGGCCTGGTTCAGACGCAATAG,2
CAACGAATAACCTGTAGTCATATGGCAACGT,2
AGCGTTCGGCTTCTCCTCGTGTTAATGA,3
AGAGCGTGCATAGACGTAAGCGGCCTTC,2
TATGTTAGGGAAAGATATACTCTTAAGACAG,2
GATTTCCTCACCGAGCGGTACTGTACACACT,3
CCGCAGGAACTCACCTTAATTATGATTCCT,2
AGCCTTCAGACGTTTTGGATACCAGCGCTT,2
CATTTGGCCAAAATTCAGATCCGGACTGTAG,2
CCAGCAAAACTCTACCTTAATATGATTCCT,2
CATTTGGCCAAACTTCTAGGATCGGACTGTAG,2
AGACCCTCAGGATGCGGCCGTAAGTATAGG,2
CATTTGGCCAAAATTCAGCATCAGATTGTAG,2
TATATTAGTAAATAGTGAGCCCCGGGGCAGG,2
AGCTAGTTTAGCTCTGTTGACAAGGAAGCAAG,2
GACGTATGCCGGGCTGGTTCAACGCAATCG,2
AGAAGCGTGCATAGACGTAATGGGGCCGTC,2
AGAAGGCATGCATAGACGTAAGGGGCCTTC,2
AGAAGGTCGTGCATAGACGTAAGGGGCCGTT,2
