Sequence,Genetic loci,Central node ID,Central node count,Network nodes count
CTGTGGTGCTGCTTGTTGGTTTGG,1,CTGTGGTGCTGCTTGTTGGTTTGG,577,721
TACCGGGAAGATGAACAGTCGTCG,1,TACCGGGAAGATGAACAGTCGTCG,304,370
TACCGGGAAGAGAACAGTTCGTCG,1,TACCGGGAAGAGAACAGTTCGTCG,2,2
GGCAATCCGTCTATGATGATATTC,1,GGCAATCCGTCTATGATGATATTC,668,755
GAAAAGCTTTGACCGAACTCAGTA,1,GAAAAGCTTTGACCGAACTCAGTA,500,651
ATTCGCGCTCTAACGTCATGTTCA,1,ATTCGCGCTCTAACGTCATGTTCA,518,591
GTGTCCGCGTCAAGGTATTAGGGT,1,GTGTCCGCGTCAAGGTATTAGGGT,559,620
GTGTCCGCGTCACGGTAATAGGGT,1,GTGTCCGCGTCACGGTAATAGGGT,2,2
AGAACTTAGAGTCGTGTATGAATG,1,AGAACTTAGAGTCGTGTATGAATG,632,725
TGGCTCGGCGCGAGGCTAGTTAGT,1,TGGCTCGGCGCGAGGCTAGTTAGT,484,521
ATTTCCCATCCGCAGGTAGTGTGC,2,ATTTCCCATCCGCAGGTAGTGTGC,18,53
TACAGGACCCAAAAGGTCCGTTCG,2,TACAGGACCCAAAAGGTCCGTTCG,418,558
TACAGGACCCAAAAGGCTGTTCG,2,TACAGGACCCAAAAGGCTGTTCG,20,20
TACAGGACCCAAAATGATCTGTTCG,2,TACAGGACCCAAAATGATCTGTTCG,4,4
TGAGTCTCTCCTCACATGTTGGAT,2,TGAGTCTCTCCTCACATGTTGGAT,513,587
TGAGTCTCTCGTCACATGTGGGAT,2,TGAGTCTCTCGTCACATGTGGGAT,4,4
TGAGTCTTCTCCTCACATGTTGGCT,2,TGAGTCTTCTCCTCACATGTTGGCT,1,1
TGAGGACAAGCTGTTGAGTTAGGC,2,TGAGGACAAGCTGTTGAGTTAGGC,640,690
TGAGGACAAGCTGTGTGCAGTTAGGC,2,TGAGGACAAGCTGTGTGCAGTTAGGC,16,16
TGAGGACAAGCTTTGAGTTTTGC,2,TGAGGACAAGCTTTGAGTTTTGC,1,1
CGAGCTGAATTTGACCTACGAGCT,2,CGAGCTGAATTTGACCTACGAGCT,626,706
CGAGCTGAATTAGACCTACGGCT,2,CGAGCTGAATTAGACCTACGGCT,4,4
CGAGCTGAATTTGATCTACGAGACT,2,CGAGCTGAATTTGATCTACGAGACT,1,1
ATTATAGCAGTTCCTCCAGTTTGT,2,ATTATAGCAGTTCCTCCAGTTTGT,343,607
ATAACAGCGAGTACCTCCAGTTTGT,2,ATAACAGCGAGTACCTCCAGTTTGT,1,1
GCTGGTAGCTTCCAGGGTTTTTGC,2,GCTGGTAGCTTCCAGGGTTTTTGC,523,701
ATACGTCTTGTGAAAGTTTCAGTA,2,ATACGTCTTGTGAAAGTTTCAGTA,504,551
ATGCACCGTACAGTGCGTGTATCT,2,ATGCACCGTACAGTGCGTGTATCT,557,653
GAAAATCCCTTCTGCTCTTACAGT,2,GAAAATCCCTTCTGCTCTTACAGT,422,667
CGCACTTAGTAAAGCAACATATGC,2,CGCACTTAGTAAAGCAACATATGC,508,622
CGCACTTAGTAAGCAACATATGAC,2,CGCACTTAGTAAGCAACATATGAC,4,4
TCTGCGCGATCCCGGTAGCGACCT,2,TCTGCGCGATCCCGGTAGCGACCT,330,379
TCTGCGCGTTCCCGTAGCGACCT,2,TCTGCGCGTTCCCGTAGCGACCT,2,2
CCTTGCTTCTGTGGTAAGTATCTC,2,CCTTGCTTCTGTGGTAAGTATCTC,502,589
ACAGGCAACTCGGTCCGAATCTCT,2,ACAGGCAACTCGGTCCGAATCTCT,430,451
CTTTTGCATGGTTGCTTATAGTGG,3,CTTTTGCATGGTTGCTTATAGTGG,565,618
TAGCCATATGAAGGGCCCCCTAAC,3,TAGCCATATGAAGGGCCCCCTAAC,392,437
TAGCCATATGAAGTGACCCCCTAAC,3,TAGCCATATGAAGTGACCCCCTAAC,1,1
ACTTTTTCGACGAAGTGGAAACCT,3,ACTTTTTCGACGAAGTGGAAACCT,552,648
ACTATTTCGACGAAGTGGCAACCT,3,ACTATTTCGACGAAGTGGCAACCT,13,15
TTATAAGCTGAACCGCGCGGACAC,3,TTATAAGCTGAACCGCGCGGACAC,609,661
TTCCCACATGGCAGCTATGTGTTG,3,TTCCCACATGGCAGCTATGTGTTG,693,779
AGTACATCCCAACGAGAATAGAT,3,AGTACATCCCAACGAGAATAGAT,344,607
AGTACATCCCTCCGAGAAGTAGAT,3,AGTACATCCCTCCGAGAAGTAGAT,1,1
AGTACATCCGAACGAGAAGTAGA,3,AGTACATCCGAACGAGAAGTAGA,1,1
CAAAAACCAAACGTCGTTCGATCG,3,CAAAAACCAAACGTCGTTCGATCG,493,544
GGGTCAGTGTTAAGTACATTTAGC,3,GGGTCAGTGTTAAGTACATTTAGC,451,575
GGGTCAGGGTTAAGTCATTTAGC,3,GGGTCAGGGTTAAGTCATTTAGC,7,7
CAGTGGGCACAATTAAATGCTGAT,3,CAGTGGGCACAATTAAATGCTGAT,626,687
CGAGTGGGCACAATTAAATACTGAT,3,CGAGTGGGCACAATTAAATACTGAT,10,10
GATCTCTTGCCAATTGGACCCTAC,3,GATCTCTTGCCAATTGGACCCTAC,581,656
GATCTCTTGGCAATTGGACCCTC,3,GATCTCTTGGCAATTGGACCCTC,2,2
GGTGGCAAATCACTCGCAAATACG,3,GGTGGCAAATCACTCGCAAATACG,457,514
GGGGCAAATCACTCGCAAATCCG,3,GGGGCAAATCACTCGCAAATCCG,1,1
TACACGTCATCCATGTAACTCCCT,3,TACACGTCATCCATGTAACTCCCT,235,286
TACACGTCATCCATATAACTCACT,3,TACACGTCATCCATATAACTCACT,1,2
GAAAACGCGGAATCGTGATTAATA,3,GAAAACGCGGAATCGTGATTAATA,625,705
CACAGGAAGTACTCTGGGCGTCCA,3,CACAGGAAGTACTCTGGGCGTCCA,688,785
CACAGGAAGATACGCTGGGCGTCCA,3,CACAGGAAGATACGCTGGGCGTCCA,11,11
TATTAAGTCGGAGAAAATCCTGGT,3,TATTAAGTCGGAGAAAATCCTGGT,403,488
GCACTAAGCATAATGAAAGGATAC,3,GCACTAAGCATAATGAAAGGATAC,128,147
ACAATACTATTCCTGTGGATAGCG,3,ACAATACTATTCCTGTGGATAGCG,429,509
ACAATACAATTCCTGTGGATAACG,3,ACAATACAATTCCTGTGGATAACG,4,4
ACATTACTATTCCTGTGGATACG,3,ACATTACTATTCCTGTGGATACG,2,2
ACAGTACTATTCCTGTGGATAGCT,3,ACAGTACTATTCCTGTGGATAGCT,2,2
ACTCCACAGGACTTGTCAACTCGT,4,ACTCCACAGGACTTGTCAACTCGT,464,508
ACCTCCACAGTACTTGTCAACTCGT,4,ACCTCCACAGTACTTGTCAACTCGT,1,1
GCGTTCCAATCGGTCCCTTCTGCC,4,GCGTTCCAATCGGTCCCTTCTGCC,299,349
GCGTTCCATCGGTCCTTCTGCC,4,GCGTTCCATCGGTCCTTCTGCC,1,2
CACCCGTTAGCGCTGAACGATTAC,4,CACCCGTTAGCGCTGAACGATTAC,578,673
CACCCGTTAGGGCTGAGACGATTAC,4,CACCCGTTAGGGCTGAGACGATTAC,1,1
AGTAATTTATCAAAACGAGGCGAT,4,AGTAATTTATCAAAACGAGGCGAT,398,446
GTTCTGTTTACGCAGTGAGATATC,4,GTTCTGTTTACGCAGTGAGATATC,238,268
GAGTTCGTCGGATCAACGGTACGG,4,GAGTTCGTCGGATCAACGGTACGG,391,462
ACGGTAACACAATGGAGGTCCGAT,4,ACGGTAACACAATGGAGGTCCGAT,562,684
ACGGTAACTGTATGGAGGTACGAT,4,ACGGTAACTGTATGGAGGTACGAT,2,2
GACAAGCCAGCAATGGCAATTAGA,4,GACAAGCCAGCAATGGCAATTAGA,437,522
CACGGCGACCAAGTGGGGGCGTGT,4,CACGGCGACCAAGTGGGGGCGTGT,358,385
CCATCAACAATCCCACATTTCCCC,4,CCATCAACAATCCCACATTTCCCC,352,404
CCATCAACAATCGCCACATTTCCCCC,4,CCATCAACAATCGCCACATTTCCCCC,1,1
CCATCAATAATCCCATATTTCCCC,4,CCATCAATAATCCCATATTTCCCC,4,4
CCTGGCCAAGGTCCTCCACGTGTC,4,CCTGGCCAAGGTCCTCCACGTGTC,564,622
CACTATACCCGAGCGGCATTCTTC,4,CACTATACCCGAGCGGCATTCTTC,502,576
CACTAATACCCAGCGGCATTCTTC,4,CACTAATACCCAGCGGCATTCTTC,4,4
CGGGTGCTGAGCTTTGGTCGAGGA,4,CGGGTGCTGAGCTTTGGTCGAGGA,45,139
CGGGCTGCTGAGCTTAGTCGAGGA,4,CGGGCTGCTGAGCTTAGTCGAGGA,2,2
TGACCCATTGCTGATTCCCTAGGC,5,TGACCCATTGCTGATTCCCTAGGC,292,339
TGAACCATGGCTATTCCCTAGGC,5,TGAACCATGGCTATTCCCTAGGC,1,1
TGACCCATTGCTGATTCCCTATAC,5,TGACCCATTGCTGATTCCCTATAC,1,1
AACCCCCCGATTCGCCAGGTGCTA,5,AACCCCCCGATTCGCCAGGTGCTA,608,644
AACCCCCCGATTCGCCTCGTGCTA,5,AACCCCCCGATTCGCCTCGTGCTA,13,14
CTCCCGCATTGCTGTGCCCTGAAC,5,CTCCCGCATTGCTGTGCCCTGAAC,503,694
CAAATTAGATAAACAACCTAAGCC,5,CAAATTAGATAAACAACCTAAGCC,618,668
GTAGCGACCCCCACAAGATGACGC,5,GTAGCGACCCCCACAAGATGACGC,538,671
CCCCCAATACGTGAAACCTCTGAA,5,CCCCCAATACGTGAAACCTCTGAA,531,586
AGGATCGGTCCCTAGATGTTTCAA,5,AGGATCGGTCCCTAGATGTTTCAA,405,559
ACGATCGGTCCCTAGATGTTTAAA,5,ACGATCGGTCCCTAGATGTTTAAA,15,15
AGGATCGGTCCCTGATGTTTTCAA,5,AGGATCGGTCCCTGATGTTTTCAA,1,1
ATCAGACAGTTCGGTGTACCTGCT,5,ATCAGACAGTTCGGTGTACCTGCT,600,737
ATCAGACAGTTGGGTGTCACCTGCT,5,ATCAGACAGTTGGGTGTCACCTGCT,1,1
ATCAGACAGTTCGGTCTACCTTCT,5,ATCAGACAGTTCGGTCTACCTTCT,8,8
ATCATCCAGTTCGGAGTACCTGCT,5,ATCATCCAGTTCGGAGTACCTGCT,1,1
ATCAGACGGTTCAGTGTACCTGCT,5,ATCAGACGGTTCAGTGTACCTGCT,1,1
CCTCTTCCATATTAAAGAGTTGGG,5,CCTCTTCCATATTAAAGAGTTGGG,565,651
CCTTCTTCCATATTAAAGAGGTTGGG,5,CCTTCTTCCATATTAAAGAGGTTGGG,2,2
TCAGCCACTATTAGAGACTGGCAA,5,TCAGCCACTATTAGAGACTGGCAA,618,687
ATCTCGGAATACATCTTGAGGGAG,5,ATCTCGGAATACATCTTGAGGGAG,275,388
GCGTCCCGTACGCCCTAATCCGTC,5,GCGTCCCGTACGCCCTAATCCGTC,507,797
CCCCCTCTGCGACACAAATCTTTC,6,CCCCCTCTGCGACACAAATCTTTC,536,595
CCCCCCTGCGACACAAATGCTTTC,6,CCCCCCTGCGACACAAATGCTTTC,2,2
CCCCCTCTGCGAGACAAGTCTTTC,6,CCCCCTCTGCGAGACAAGTCTTTC,40,62
TGGTGGCAAAGCCTGCAGAGATTT,6,TGGTGGCAAAGCCTGCAGAGATTT,450,522
CACTACCCCGGCAGTTCGTCTGGG,6,CACTACCCCGGCAGTTCGTCTGGG,286,313
CACTGCCCCGGCAGTTCGTGCTGGG,6,CACTGCCCCGGCAGTTCGTGCTGGG,3,4
TTGGATACATTGCTTAAGATCCCA,6,TTGGATACATTGCTTAAGATCCCA,580,630
TGGGATACATTGCTTAAGCTCCCA,6,TGGGATACATTGCTTAAGCTCCCA,2,2
TTGGATACATTGCTTAAATCCCAG,6,TTGGATACATTGCTTAAATCCCAG,2,2
TGTTATTAGCTCTGTCAGGGATCA,6,TGTTATTAGCTCTGTCAGGGATCA,612,703
TGTTACTTAGCTCTGTCAGGATCA,6,TGTTACTTAGCTCTGTCAGGATCA,1,1
AAAGTCTTCAGGGCTCCAAGACGC,6,AAAGTCTTCAGGGCTCCAAGACGC,526,632
AAAGTTTTCAGGGCTCCTAAGAGC,6,AAAGTTTTCAGGGCTCCTAAGAGC,1,1
TCGCCATGTGTGTTCTCCGTTATA,6,TCGCCATGTGTGTTCTCCGTTATA,599,681
TCGGCATGTGTGTTCTCCTTATA,6,TCGGCATGTGTGTTCTCCTTATA,2,2
TCCGCCATGTGTGTTCTCCGTATATA,6,TCCGCCATGTGTGTTCTCCGTATATA,1,1
GGGCCCAGACGTAATATCATGGCG,6,GGGCCCAGACGTAATATCATGGCG,574,688
TAACATAGTGATACGTTGTAAACT,6,TAACATAGTGATACGTTGTAAACT,533,586
TAACATAGTGTACGTTGTTAACT,6,TAACATAGTGTACGTTGTTAACT,1,1
TGTAGCATCGTAGAGGATTGTTAA,6,TGTAGCATCGTAGAGGATTGTTAA,500,614
TGTAGCCTCGTAGAGGATTGCTAA,6,TGTAGCCTCGTAGAGGATTGCTAA,2,2
CTCTGTGTGACGACCTGAACTGCA,6,CTCTGTGTGACGACCTGAACTGCA,539,599
GTTGCAACTCTTCGAAGGCTACAA,6,GTTGCAACTCTTCGAAGGCTACAA,437,466
CGGGTCGGATCAATATAGTCAGCA,6,CGGGTCGGATCAATATAGTCAGCA,670,742
TATCGCAGGAGATTCTAACATCCG,6,TATCGCAGGAGATTCTAACATCCG,450,527
TATCGCAGCGAATTCTAACATCCG,6,TATCGCAGCGAATTCTAACATCCG,1,1
GCGCCACTCGCGAGCAAAACAACA,7,GCGCCACTCGCGAGCAAAACAACA,527,692
GAGGCACCGTGCTGGGGTACATAT,7,GAGGCACCGTGCTGGGGTACATAT,555,742
CGTGGGATCAACTTGCGATGCTCT,7,CGTGGGATCAACTTGCGATGCTCT,468,674
CATTCGCATGGTAGATGCAAGTAT,7,CATTCGCATGGTAGATGCAAGTAT,502,606
CATGCGCATGGGAGATGAAGTAT,7,CATGCGCATGGGAGATGAAGTAT,2,2
CTTCGACCAGTCAACACATTCTCG,7,CTTCGACCAGTCAACACATTCTCG,586,686
TAGAAGAACACTTCGGAAGATCTT,7,TAGAAGAACACTTCGGAAGATCTT,323,339
GGTCGTCCTGACGTATACTGCATA,7,GGTCGTCCTGACGTATACTGCATA,317,370
TGTCTTCCTGACGTATACGCATA,7,TGTCTTCCTGACGTATACGCATA,2,2
GATGTGCGAAATGGAGTTAAATCA,7,GATGTGCGAAATGGAGTTAAATCA,294,399
AATTTCTCCAAGGGCCGATCCTAG,7,AATTTCTCCAAGGGCCGATCCTAG,383,429
GAAAATTATCCCCTGTCGAGTCCA,7,GAAAATTATCCCCTGTCGAGTCCA,577,622
TTGGGCGATCGGGAGCTCATAAG,7,TTGGGCGATCGGGAGCTCATAAG,10,66
TAGGGCGATGCGGGGAGCTCATAAG,7,TAGGGCGATGCGGGGAGCTCATAAG,2,2
CGAAACCAGCATCTCATTTTGAAA,7,CGAAACCAGCATCTCATTTTGAAA,296,535
CGAAACCCGCATCTCGTTTTGAAA,7,CGAAACCCGCATCTCGTTTTGAAA,5,5
TGAAACCAACTCTCATTTTGAAA,7,TGAAACCAACTCTCATTTTGAAA,1,1
CAAGTACACTGTCCCTAAGTATAG,8,CAAGTACACTGTCCCTAAGTATAG,621,726
CAAGTACACTGTCCCTACGTATAAG,8,CAAGTACACTGTCCCTACGTATAAG,1,1
AAAGGTCCATTTGCTTATTGACGT,8,AAAGGTCCATTTGCTTATTGACGT,519,670
AAGGTCCATTTGCTTATTGAAGT,8,AAGGTCCATTTGCTTATTGAAGT,2,2
AAAGGTCTCATTTGCCTTATTGACGT,8,AAAGGTCTCATTTGCCTTATTGACGT,1,1
GGAGGCTGGGAGAGAGTAGCACCA,8,GGAGGCTGGGAGAGAGTAGCACCA,536,638
GTAGGCTGGGAGAGAGTAGGCACCA,8,GTAGGCTGGGAGAGAGTAGGCACCA,1,1
CCTAAGGTACGCTAACTCTGTACA,8,CCTAAGGTACGCTAACTCTGTACA,447,613
CCTAAGGTACGCTGACTTGTACA,8,CCTAAGGTACGCTGACTTGTACA,50,50
AAACACAAGTTTAGGTGCACCGGA,8,AAACACAAGTTTAGGTGCACCGGA,323,350
AAACCCAAGTTTAGGTGACCGGA,8,AAACCCAAGTTTAGGTGACCGGA,4,4
TATATGCCGGGCCTCCGTAATTGC,8,TATATGCCGGGCCTCCGTAATTGC,547,581
TATTTGCCGGGCCTCCGTGAATTGC,8,TATTTGCCGGGCCTCCGTGAATTGC,2,2
ACACGTTCAAGGGGAATGTTCGGC,8,ACACGTTCAAGGGGAATGTTCGGC,545,598
ACACGTTCAAGGGGAATCTTAGGC,8,ACACGTTCAAGGGGAATCTTAGGC,1,1
TCTTAGATTAGACACCCTAGCCTG,8,TCTTAGATTAGACACCCTAGCCTG,577,723
TCTTAGGGTAGACACGCTAGCCTG,8,TCTTAGGGTAGACACGCTAGCCTG,4,4
ACCTAAACATTTATCATCATGAGA,8,ACCTAAACATTTATCATCATGAGA,568,698
ACCTAAAATTTATCATCAGAGA,8,ACCTAAAATTTATCATCAGAGA,1,1
CGCCCGGCGTATTTTTGGAAGCAA,8,CGCCCGGCGTATTTTTGGAAGCAA,423,620
CGCCCGGCGTATTCTTAGAAGCAA,8,CGCCCGGCGTATTCTTAGAAGCAA,25,25
CTGCCCGCGTATTTTTGGAAGCAA,8,CTGCCCGCGTATTTTTGGAAGCAA,2,2
