Sequence,Central Node Count,Network Nodes Count
GTAACGTGCAAA,565,1131
CACACTCTCCTT,467,934
GACAGGTACAAG,520,1069
TTAACGTCGAGG,642,1284
CAGCTTTTCCGC,415,830
GCCGGACGAAGT,476,952
CAAGTCGTGTTA,274,548
TCAGTCCAGTTG,373,746
CGGATAGGGTGT,296,598
AGATCCAGCCTT,514,1029
ATCCTAAACTTC,591,1182
ACCCAGCCATAT,501,1020
CGAGCAGATTAC,339,678
ATCTGTGCAAAT,528,1058
GTCGGTTAACGG,577,1154
GCTCTTCGGGGC,193,387
ATCCAGGTAATG,543,1086
AGGAACCCGGCG,566,1132
GAGGTAGATAAC,668,1347
GCAACTATACCA,197,394
CAGGTGCAACCC,628,1258
ATTGATTCCCGC,432,866
TAAGTGGGCACG,480,960
CGATACGCTCGC,633,1266
GCTGTATATCAC,492,984
CGGAATTACGAG,516,1032
GCATCCTGGGGA,337,674
GAGTGCAGCGCG,545,1090
AACCAGTGTATT,233,466
TATATTCCTTTT,450,901
CTTCTACTCCTC,606,1214
CGGCCACTTAAG,553,1107
ACTTAACTTTCA,243,486
TTCTCTGTCCGT,570,1140
CATCTCTTAGCT,526,1052
TTACTACATTTA,523,1046
CCGACCGCGCTC,650,1300
GACGCACTGGTT,579,1158
GATAGGTGCCGT,491,982
TCGCACTGCTGG,618,1238
GCCACTGGAGAC,676,1352
AAGCTGGATCTG,487,977
ACGCAGGCGTTG,141,282
AACCCAACGCAC,656,1314
TACTACTTCGCG,511,1022
AGCTTTGAAACG,607,1214
CATCGAAAGGCG,501,1003
CACTCTCGTTGT,597,1194
ATCGGTATCCAA,638,1286
GAAAGTTAGACG,174,348
GAGCGATTAATA,203,406
TCGGGTAAGAAA,382,764
TCTGCGGGAGCT,535,1071
GGACTGGTTATG,348,705
TCAATGTGGTCG,280,560
GCTTGAAAACTA,627,1254
AGACACACTCTT,269,540
GAATACAAGGGC,420,840
TCACGGGGCCTG,344,690
ACCCCGTGAAGC,285,570
ATCTGATTTTTA,499,999
TGGCGTTCTGCC,480,962
TCATCGTAGGGT,489,978
TTGTACTGAGCA,308,616
GTATGGCTCTAT,628,1256
TTGTGCGAGAAT,608,1216
TGAGTATTGCTA,208,416
AGCTTTTCTATT,594,1189
AAAGGAGTAGGA,528,1059
CATGAAAGTCAC,473,946
GTTCTCTGCATA,489,978
CGCCCTCTCATC,683,1366
GTCTGGCGAAGC,301,602
CAGCCATGCAGA,254,510
TGGGTTAACCAT,582,1165
AGCGGGCCAGAG,326,652
CATCGGTGCAGT,575,1157
TAGGCACCGTCG,409,818
GCGCCCTACCGC,548,1099
TCTTCCCGTTTA,203,406
TCGTTAAAGTGA,540,1080
CCCGCCTATGGA,380,760
AAGGAGCAATAG,715,1434
ACATTATACTTT,427,854
TCTTCTGGGTGA,381,762
TCGCTCCAGCGT,343,686
TTGTTTCTAGCG,511,1023
CTTGCCCTCGTG,456,912
ACTCAGGGGGTC,460,920
GTCTGATCTCTT,495,992
CACCACCCACAG,197,394
TGTGGACTTTGG,369,753
CTGTTTTGGATT,492,984
TAAAGTACAGCA,482,965
AATCATATAACA,558,1116
TATCCGTGGTCT,635,1274
CCGCATCTTCCG,583,1169
GCACTGTAGTCG,335,670
CTCTATGGTACT,641,1291
CATAATCTGCAT,549,1098
ATGTGCTACTTC,473,950
TGTGACATTTCA,431,862
AATGCTTAACCC,579,1162
CCACTGTGCGAC,451,902
TCGGCTTAGCTG,609,1218
TTATGTGCGTCT,514,1028
TGTGGAACAAAC,587,1175
ACGGTTATAATT,670,1340
ATACCCATTGAC,521,1042
CTACCAAGATCA,332,664
CTGCGGCCAGAC,512,1024
GCTTGCATAGCT,575,1150
TACGAAACCTGT,585,1172
GCTATGTAGCCT,363,726
TGGGTGTGCCAG,568,1186
GGTTAAATGTAA,542,1106
TCGGGATAAGAT,320,640
CAGCGGCCAGGA,428,860
GCGGCGCGATGG,605,1212
CCAATCTCAGAA,507,1018
TTCCATCCATAC,381,766
GGACGATAGTCT,200,400
GGAATTGTCTAG,346,692
CAGGACTGCGAA,359,718
TCCTTGTGGGGC,511,1022
CCCAGTGAGGAG,577,1154
ACCTGATCTTAA,372,744
ATTTGCCTTGTC,294,589
AGTTGCAGTCGT,491,998
CTGCAACCAGCG,514,1028
CCCTGGGGGCTG,450,900
TGTGAACTTTTA,514,1035
CGGCCTACCAGG,568,1136
CCATGCGGCAAT,590,1189
ACTGGGACCACT,355,710
CTATGTTAAAAG,467,938
CCGCTAAGACGG,535,1071
GGACTGGGAGGT,632,1275
CACCCACGCATA,396,792
GACGACAACCAG,587,1174
GCCGTTCCGAGG,477,958
AATTCGATTTTT,459,919
GTTACGCCCAAC,613,1226
ATGAAGGATTCA,364,729
CATGAGAACGAC,529,1062
AGGGACGAAGAG,608,1216
GAACTCGTCCTT,620,1242
GGCAGCCTGCCC,632,1267
AAATCGGAACCG,585,1170
ATGCCTGGCTCG,294,588
CGGTTTCCGTTA,612,1224
TGTTAGGGCGAC,556,1114
TGGCACCCGAAG,498,996
CACTTTCGGGAA,511,1024
GGGCAACTGTTA,290,585
GTTCGCGCGACT,317,634
GCCGCTTATACG,470,941
CTGCGAGTGTGA,524,1048
ACTGTCTCCTGT,422,844
CGAGGAACCGTG,529,1059
CCTTAGGTCCAA,682,1366
GGTTCGACTGCG,485,971
AGGGAAACGGGT,415,830
AGCTGGCTAAGC,218,436
GACCCGTGAAAG,445,890
CGGTAGACGCCT,432,865
CGTGATTCTCTA,201,402
AGAATTCAATTG,533,1066
GGATGCGATGCT,472,945
ATAAGGAATAGG,386,773
CATGTACACTGC,614,1228
GTCTGTCCGAGA,530,1060
AAGGGTCGCGCT,544,1090
TCCCCGTAGTGT,578,1156
GTAGTAATCCGG,652,1304
AAGGAGTATGCA,270,540
AGATCTGCTTCA,240,480
TAGGTCGTTCAG,624,1248
TGTGAAATAGCT,465,930
TATCAGATGTCG,447,894
GGAGTGAAGGGC,568,1136
AACGCTTTCGGA,214,428
AGCCCCATTTGA,515,1038
CGAAAGATTAAG,474,948
CTTCGATTCGGA,343,686
AACTGCACCTCG,591,1186
CGCTTGATCTAA,378,756
ATGAATCTGTGT,450,900
TGGTGATCGTAA,142,284
TGAGAACACATT,591,1182
ATTGTTGCATCG,464,928
CTGCGGGGGTGT,342,684
TAGGCCCCAGAG,563,1126
AGCGGAGCCTTA,281,563
CCAATCAAATAT,472,952
TTACATTACGCT,205,410
CACGCACAGACG,601,1202
GGTCGACACCTA,445,912
GGTACCTAACCC,411,822
GCGCGCGCCAAA,530,1061
AAGGAGGATGCA,136,272
