Molecule,Nucleotide Sequence,Genetic Loci
1,TCTCGTCTCGCAGATTCGTCAAAG,1
2,CTTCTTAGCCTCCTGCCTTTGAGG,1
3,TTTTTGGGTGTGCTGGTGAGTAAC,1
4,GGCCCTAGGCAGCTCAAGATTCCT,1
5,CTTTCGTTTCATGGGCCACAATTG,1
6,CTGAGGGTAGAAACTTATTTAGAT,1
7,CTTTTTCGGCACTTGCTATAACTA,1
8,CAAGTAGTTTATAACTAGACGCAG,1
9,ACAGAGGCATTCTCCATTGTAGCG,1
10,GTGGTTGCAGGTGTGTGGCATTTG,1
11,GCAAACCAGTTTGAAAGTGACTCG,1
12,TCGGAGTAGAGTCTGGATCGCATG,1
13,TTTTGTAGCTGGTGAATCGGGGGC,1
14,ACTAGTCTCCCGGATGGTGGCACT,2
15,TTGCCAGAGGCGACCTCTTCCCGT,2
16,CGTGGAGGGTCCAAGGGGCCCGAT,2
17,ACGCCTTCTTAACTAACATGCAAA,2
18,CATGCGCGAGCCCGCATTCGACTT,2
19,CTAGGTTCTTTCATCTTTATCATC,2
20,GTTTCCCGTCCCAGCGATATGATG,2
21,ATAGGCGTACTGTACCGGGGCCGG,2
22,TTCACAGGAATGCTAGGATGGTGT,2
23,GTCCCGGATCTCCTGACCGCGGCG,2
24,TCGGATCCTGCTGCAGAGCACCGT,2
25,GGCTAGTCAGGCAGCTAAAGTGCT,2
26,CAGGGTATCAGCCACATAAGAACC,2
27,ATGCTACCGTTAAGCATCTGGACA,3
28,CAACGGACATCGTGCGCGTATACC,3
29,CAGTGGTCGGGACGTTCATCTCAC,3
30,GGCACTGCCAACAGCTGGATATCA,3
31,GACTATTCAGACCCTCTGCACCCT,3
32,GCCAAGAGCTTTGGCTTACACGCT,3
33,TCTCAGCTTCTCTCGGAGACATTC,3
34,GCTGCGCATTGTTCCGCATTTTGG,3
35,TAAATCATTACCGACTCTCCAGTT,3
36,GGTACCTTGGGTGTCTTAGTGGAT,3
37,GCAAAGGTCCCCTTCCGGCAAGGC,3
38,GACGCATACTTGGTTAGGACATGT,3
39,TTAGGAGGCGTCGCGTTGTGGTAG,3
40,TGCCTCGCAGATTATTCGGAGTGT,3
41,GGCTGGCATATATTGCATGCAAAG,3
42,ATATCGCTCCAGTTCAATCCTAAT,3
43,TAACAGCCTTCCGCGCGTCAGACT,4
44,ATTACGTGGAGTTTTTACACTTGT,4
45,CTCGCGCGTCGGTGTACCGTGGTG,4
46,TACCACACTCCACAAACGTTAAAA,4
47,TACGCGATAACAACCTCATTAAAT,4
48,CGATCCCAGAGGGGTGTATTGGCC,4
49,AATGAGCGCCCTGTTTATATCTTC,4
50,TAGTTCGCCACAATCGGGGCGGCC,4
51,AGGAATCCAATTCAAGAGTACGCT,4
52,ACAACGTAAGGCATAACAGGACGG,4
53,GTTTTTCTCGATCAGCCGTCCACC,5
54,ACCAAGCAAGACTCCTTTGCTCGG,5
55,GGTAAACACGACCGGGACCAATCT,5
56,TCAGAACGATGCGTAGACGACCAG,5
57,ATCATGTAAAGTAGGGGCGCAAGG,5
58,CCGCCGCGATTATTTTTTCCCTCG,5
59,GCCCTAGTCTTCGGCTTACACCCG,5
60,TTTGAGAATATAAGCTTTAAGTCC,5
61,CGAATCCACTGTCCTGGATAGTTC,5
62,CGAAAGCACCGTGCATAATTTAAC,5
63,TGGGCGTGTTCGTGCTTTTTAAAC,5
64,TTGCTTAGTGATCTAGTCCAGATA,5
65,CGAGGGGGAGCTCATACGATCACC,6
66,CAGTCAGGCATGGCACGGAGATAA,6
67,GCTCATAAGGAATAAAAGGTTGTC,6
68,CCGGCTATGCACTGACGGAATTTG,6
69,CGCCAGCTGCATAACGAACGTTTT,6
70,TTTAGTCCCACATCCCTACCCCGT,7
71,GTCGTTCGGCAGGTGGTTCTCGCT,7
72,CTCTCGTTTGTCCTAAAAATCCCT,7
73,CAGACACGTCGTACGCCTAAGTGC,7
74,TTACATTTCTTGGTACTGGGATGC,7
75,CGTTATGTCGCGAGAGGTTCGAAG,7
76,CACATAAGACATACACTATATATT,7
77,GAGACGGTAGTACGCGAATATGGT,7
78,GGCTTTTTCATTTCGTATTTTGAA,7
79,GTAACGCAAGTCGGTAATCCTAAG,7
80,AGCTATAATCGTCTGGGCGTATAT,8
81,AAGATAACCTTACGTGCATCCTAT,8
82,CTTCGAGCTGACTAGCCGGGGCCA,8
83,GTTGACAGTGGAATTGCCAATTAT,8
84,ATTGAGACCCCCGTGGGAGTAAGC,8
85,GGCCTTGCGTAGCTTCGTGGCGGC,8
86,ACCCGTCTCCAGACACCGATACCT,8
87,TATATAGCCGTCGCCTGCTTAGGT,8
88,AGGATGAGCTGGGCTTCTTGGGTT,8
89,ACATTATCTATTACTCATGGTGTG,8
90,GCAAAGAAGGTATAGACCGGAGTC,8
91,CTTCTTAGCCCCTGCCTTTGAGG,1
92,TGTAAGACATAAACGCGTGGTCC,1
93,CTTTCGTTTACATGGGCCACAATTG,1
94,GTGCGAAGGGGAGTAGCAACGAGTA,1
95,CTTTTTCGGCACTTGCTATAACTC,1
96,GGTTAGTCAGGCAGCTAAAGTGCT,2
97,CAGTGGTCGGGACGTTCATCTAAC,3
98,GCATAATGTCTGGATAGATTTAT,3
99,GCCAAGAGCTTTGGCTTACAGCT,3
100,TCGCGGTTGAGAACTTCATGCCA,4
101,GCCCTATCTTCGGCTTACACCCG,5
102,AGCCAGGCTTCAAAGCTGCGCTG,6
103,CTGCGCTAGCAGCAGATACACAGA,6
104,TTTAGTCCCACATCCCCTACCCCGT,7
105,CTTCGAGCTGAACTAGCCGGGGCCA,8
106,AAGTGTGCGGGACACTTAGTTCTGA,8
107,GTGCGAAGGGGAGTAGCAAGAATA,1
108,ACAGAGGCATTCTCCATTGTACCG,1
109,GCAAACCAGTTTGAAAAGTGACTCG,1
110,TCGGAGTAGATTCTGGATCGCATG,1
111,ACCAAGTAAGACTCCTTTGCTCGG,5
112,GCCCTATATTCGGCTTACACCCG,5
113,TCGGCGTGTTCGGGCTTTTTAAAC,5
114,CGAGGGGGGCTCATACGATCACC,6
115,TTACATTTCTTGGTACGGGATGC,7
116,GAGACGGTAGTACGCGAATATGGTA,7
117,GCATAATGTCTGGATAGATTTAT,3
118,GCAAACCAGTTTGAAAAGTGACTCG,1
119,CAACGGACATCGTGCGCGTATACC,3
120,GGTAAACACGACCGGGACCAATCT,5
121,ACTAGTCTCCCGGATGGTGGCACT,2
122,ACCAAGTAAGACTCCTTTGCTCGG,5
123,CGTTATGTCGCGAGAGGTTCGAAG,7
