root,Molecule,Nucleotide Sequence,Genetic Loci,Type,Edit Distance
1,1,CGATCAGCGTGTGTTTCGTTCAGT,1,original,0
2,2,TATCACGTAAAGTTCCAGGTCTGC,1,original,0
3,3,CCTACGAAATATAGGTCGGCGCTT,1,original,0
4,4,ACTCCTCCCTGAGTCTGCCTCGAG,1,original,0
5,5,TCTGTATTAATAGAACTAAGCAGC,1,original,0
6,6,CGAGGGGTGCGCGCACTGTATGTC,1,original,0
7,7,CGGCCCGTTCACACAGGACTAAGC,1,original,0
8,8,CGACACTTCCTTTGAACATCCATG,1,original,0
9,9,GTCATCCGCGGTGTCCCAGTAAGA,1,original,0
10,10,ACCAGCCAAACGGGACTCAACGCC,1,original,0
11,11,GACCGCTGCTACTAAGCGACTTCT,1,original,0
12,12,TAGTTCTGTATGTCACGCGCCGCG,1,original,0
13,13,ATCCAGGCCCTATCTATGAGCGAA,1,original,0
14,14,ACTTTCGGGCCAAACTGTCGCATG,1,original,0
15,15,CCTAATCCTCTCTAATCTGAAGGG,1,original,0
16,16,GCTATCGACTGGCGGACGTCGAAC,2,original,0
17,17,CAGTCAAGTTTCGTGATCTCATGT,2,original,0
18,18,TTGCAAGTCAGCTCGGGCCCTTGG,2,original,0
19,19,TTCATAGGTCATCCGACGTGCGGG,2,original,0
20,20,TCTCATGACAGTGTGGACCGCTTG,2,original,0
21,21,GCTTCGAAATACAATAGGGAGCAA,2,original,0
22,22,ACTTACCGGCGCAAGGCTACCTAA,2,original,0
23,23,TGACTAAGTAGCTTTCGGGTCAAC,2,original,0
24,24,GGATGGTTCTCAAGATTTGGATGC,2,original,0
25,25,GAGCTAGAGTCACATGGCCGAACT,2,original,0
26,26,GCTTATCTAACTAAGGACGGGATC,2,original,0
27,27,TGCAGCAGCTGAAGGTAGGAGATC,3,original,0
28,28,CCCATACCTGTGATTTGGTAGTGG,3,original,0
29,29,ATTAAAACTCAGACCCGACCCGGA,3,original,0
30,30,ACGACAAGCGGTATGAGGGTCTGT,3,original,0
31,31,TCACTGAATTATCCGTCGATATAT,3,original,0
32,32,AGTCAATGCACGCTTTCGGATGAC,3,original,0
33,33,GCTCCCCGCGCGTCGACATTTAAC,3,original,0
34,34,GCTCCCCTCCTGTCCTAGATCCAT,3,original,0
35,35,CGTAACTTTCACAAACGAGTAACA,3,original,0
36,36,CCGAGTAGAACACTTAAATCGCTC,3,original,0
37,37,CGACGTTAGCGAAGCACACTACGT,3,original,0
38,38,CAAGTAACGCATAGTGTTGGTTGT,3,original,0
39,39,TCCATAAGCAGATGTGCCAGTGCT,4,original,0
40,40,TCTGGGAGATGCCGTGATGATAAC,4,original,0
41,41,GCGACAAGATGCACAAACTATGGC,4,original,0
42,42,CATGATGGCAAAAGCCCTCTGCCC,4,original,0
43,43,ACAAATCTACGCGGCACGAGGAGC,4,original,0
44,44,ATTATAGTAATTGCTCGCGAGAAG,4,original,0
45,45,ACGGGCTTAGTCATGCGTCCCCGA,4,original,0
46,46,AACCTTATTCTAGCGGTAAGAATT,4,original,0
47,47,CTAAGATAGGCTCGTTGTATATCC,4,original,0
48,48,AGTGCGCCAGCGCCGTGCACGCAG,4,original,0
49,49,ATGTACATTCTCAGGATTGCGAAT,4,original,0
50,50,TACTGGCGCCACTCCCACCAGGAG,4,original,0
51,51,ATCCTCTCCTATTTCGACCGAGAC,4,original,0
52,52,CACGGACCCTACTGCGGTGCATGT,5,original,0
53,53,TCACTCAGCCGTTCACTTTACACA,5,original,0
54,54,GCGTCAATGGCGAACGAGCATCGA,5,original,0
55,55,TGTGTGTTCTTTTAGCTTGATAGT,5,original,0
56,56,TCTACCACCCCGAGACCGGCCTCG,5,original,0
57,57,GTTGTCCAGTAGAGGCCTCTAATA,5,original,0
58,58,GGTCGAGACCACTCGACTGATCGA,5,original,0
59,59,ATTTTTCCGGGAAACAGTAAGGCA,6,original,0
60,60,TTCTACAAGGAAAAAGTCCCGACA,6,original,0
61,61,AATCGAGAACTGAATACGACGACT,6,original,0
62,62,AGTTACATATCGCGCGTTGGGCTC,6,original,0
63,63,GTTATGCAAAGACTGAGGATCCTT,6,original,0
64,64,TATACCGTGATTACCGAGAAAGAC,6,original,0
65,65,CGGTACTCCAGGAATGTCTATGGT,6,original,0
66,66,CTCGTTTGTTCCCCCTCATTGCGG,6,original,0
67,67,GGATACTGCTAGGTTATATTGCCG,6,original,0
68,68,GCCCATGCTTCTTATAGTGCCAGA,6,original,0
69,69,TACCCCGCCCCCACGAATATTACG,6,original,0
70,70,CTGGATAGCTCAAGTGAGATAATT,6,original,0
71,71,CCGAGCAGGGAACGCTTTCCGCCC,6,original,0
72,72,ACTTACAAATATAACCTCCACAGA,6,original,0
73,73,GAGAGAACAACAAAATTCGTTACT,6,original,0
74,74,TTTAATGTGTTGCACCATTCTAGA,7,original,0
75,75,CTAAGCCCGATCCTGCGTCCAAGG,7,original,0
76,76,CACGCTTTCTATAGCTTGCGTATC,7,original,0
77,77,AAGTACAACTGTAGGGTGTGCTAC,7,original,0
78,78,ACTCCCAGCTTACTACCTCCGTTT,7,original,0
79,79,CATTTTACAATATAATACTTCTAT,7,original,0
80,80,GATCTGTTCTTTCAGAGTATTCCT,7,original,0
81,81,TCTGTAATGAACATAGACACGTCC,7,original,0
82,82,CTCAAGGTGATTGGTTCTCCATAT,7,original,0
83,83,ACACTGTCATACCAAGGAGGGAGG,7,original,0
84,84,CTCACCATTAGTAGAGCCCCAGCA,7,original,0
85,85,CCATCCGGACGCAGTGATGTGTTC,7,original,0
86,86,ACATAGATAGCACTATAACGAGAT,7,original,0
87,87,TATGCTCGTCACCACGAGTCTCCA,7,original,0
88,88,CACGCTGACCTTCACCGAGAGGGA,8,original,0
89,89,GATCGTGAAGACCGGCAACCGCGA,8,original,0
90,90,ACCTCCAAATACGGGTTTACTCAG,8,original,0
91,91,ACGATCCCGCGACCGAGGTATAGC,8,original,0
92,92,GCACTGACGGCTTGGGACTCACTA,8,original,0
93,93,GAGGTACTTCTCGCCTCTTGTACA,8,original,0
94,94,TACTTGAGGCGCCAGGAGCCTCAT,8,original,0
95,95,ACGTTAGATGGGGAGTTCGGCACT,8,original,0
96,96,TTGTGAAAAGCCAATTGGTGTCCC,8,original,0
97,97,GAGCCGTCCCCACCATCTACATTA,8,original,0
98,98,CCCTTTTCCCTCAGATATCTTGCC,8,original,0
99,99,ACTATAACCAGTGTGCCTTCTCAC,8,original,0
100,100,TAGCCGCAGTAACATCCACACTTC,8,original,0
